고유 번호,업로드 날짜,상태,유형,세부 유형,제목,길이,게임명,상세 내용,링크,비고
001,2026. 3. 13,업로드,롱폼 - 풀버전,N/A,[엔드필드] 메인 스토리 2장 무릉 #3 『내부 분열』 (상) (1.1))(컷편집),1:15:50,엔드필드,"엔드필드 1.1 메인스 전반 컷편집본, 화질 문제로 업스케일링 FHD 상태",https://youtu.be/O0XZ0GaJ-1U,
002,2026. 3. 13,업로드,숏폼,SC,[엔드필드] 미브식 해결법 #엔드필드  #미브,00:48,엔드필드,1.1 메인스 중 미브 클립,https://youtube.com/shorts/FFkCy2ZBZ_Q?feature=share,
003,2026. 3. 14,업로드,롱폼 - 풀버전,N/A,[엔드필드] 메인 스토리 2장 무릉 #3 『내부 분열』 (하) (1.1))(컷편집),1:11:38,엔드필드,엔드필드 1.1 메인스 후반 컷편집본,https://www.youtube.com/watch?v=JqTfxpxR-ks,
004,2026. 3. 19,업로드,롱폼 - 풀버전,N/A,[명조] [조수 임무] 제3장 · 제4막 「그림자 아래 떨어지지 않는 황금」(3.2버전)(컷편집),2:20:45,명조,3.2 메인스 컷편집,https://youtu.be/E19FIpeJfLw,
005,2026. 3. 19,업로드,숏폼,SC,[명조] 수상한 사탕 #명조 #시그리카,2:13,명조,3.2 메인스 중 사탕 먹는 장면,https://youtube.com/shorts/SuAKvtYGHeQ,
006,2026. 3. 21,업로드,롱폼 - 풀버전,N/A,[명조] 이벤트 스토리 - 뭇별의 속삭임 (컷편집),1:28:45,명조,이벤트 뭇별의 속삭임 컷편집,https://youtu.be/lLL2CJCQTMM,
007,2026. 3. 21,업로드,숏폼,GI,[명조] 3.2버전 에이메스 근황 #명조 #에이메스,0:46,명조,이벤트 뭇별의 속삭임 에이메스 부분 편집,https://youtube.com/shorts/HvxSh8LaBaU,
008,2026. 3. 24,업로드,롱폼 - 풀버전,N/A,[젠레스 존 제로] 메인 스토리 시즌 2 에필로그  -「뉴: 에리두의 일몰(상)」 (2.7버전)(컷편집),2:52:00,젠존제,2.7 메인스 컷편집,https://youtu.be/mH1LN-y1ecU,
009,2026. 3. 25,업로드,숏폼,SC,[젠레스 존 제로] 시시아 등장 #젠존제 #시시아,1:39,젠존제,시시아 등장 씬과 그 후 대화 일부,https://youtube.com/shorts/KNKjOBT88VQ,
010,2026. 3. 25,업로드,숏폼,SC,[젠레스 존 제로] 핑크 머리 라미엘 #젠존제 #라미엘,2:08,젠존제,라미엘 장면 일부,https://youtube.com/shorts/n8qPBqshw3o,
011,2026. 3. 25,업로드,숏폼,SC,[젠레스 존 제로] 성장한 시시아 #젠존제 #시시아 #프로미아,2:23,젠존제,시시아 프로미아 전투 씬,https://youtube.com/shorts/BipFWV7EBdM,
012,2026. 3. 26,업로드,롱폼 - 풀버전,N/A,[스타레일] 개척 임무 5장 제2막 이상 낙원 -「새벽에 바치는 폭주」 (4.1버전)(컷편집),4:57:20,스타레일,4.1 메인스 컷편집,https://youtu.be/ckgf2De1NT4,
013,2026. 3. 26,업로드,숏폼,SC,[스타레일] 뭔가 나사빠진 나힐럭스 #스타레일 #나힐럭스,2:24,스타레일,4.1 나힐럭스 등장 장면 모음,https://youtube.com/shorts/9zOqs5XZlz8,
014,2026. 3. 26,업로드,숏폼,SC,[스타레일] 이건 다른 장른데 #스타레일 #이상낙원,2:08,스타레일,4.1 메카 전투씬,https://youtube.com/shorts/EPtRY0lxe4s,
015,2026. 3. 26,업로드,숏폼,SC,[스타레일] 여우 하나를 조심하라고? #스타레일 #에바네시아,2:57,스타레일,4.1 에바네시아 등장 장면 모음,https://youtube.com/shorts/yEBFNpNu1t8,
016,2026. 3. 27,업로드,숏폼,GI,[원신] 린네아 모션 공개!,0:24,원신,6.5 공방 린네아 모션 클립,https://youtube.com/shorts/KZ5ANsq9qhs,
017,2026. 3. 27,업로드,숏폼,GI,[원신] 4번째 실루엣 공개? #원신 #6.5버전,0:12,원신,6.5 공방 중 잠깐 나온 신캐 모습,https://youtube.com/shorts/KrnlQZ4V0Rg,
018,2026. 3. 28,업로드,숏폼,GI,[젠레스 존 제로] 빌리 이격 드디어 공개 #젠존제 #빌리,0:15,젠존제,"공식 채널 성우 공개 영상, 빌리 이격",https://youtube.com/shorts/PLQpuU143tY,
019,2026. 3. 28,업로드,숏폼,HC,[엔드필드] 빨간 망토 로시 #엔드필드 #로시,0:23,엔드필드,공식 채널 캐릭터 pv 쇼츠 클립,https://youtube.com/shorts/5Saa8wI_9kw,
020,2026. 3. 29,업로드,숏폼,GI,[젠레스 존 제로] 세실리아 취향 그득그득 #젠존제 #엔젤디,0:47,젠존제,공식 챈러 엔젤디 코스튬 영상 합치기,https://youtube.com/shorts/5ve995dGp8E,
021,2026. 3. 29,업로드,롱폼 - 풀버전,N/A,[젠레스 존 제로] 이벤트 스토리 - 「그래비티에서 그려낸 시간」(2.6버전)(컷편집),1:11:12,젠존제,이벤트 그래비티에서 그려낸 시간 컷편집,https://www.youtube.com/watch?v=rmI2ZQnGSv0,
022,2026. 3. 31,업로드,숏폼,HC,[엔드필드] 로시 눈나ㅏㅏㅏ #엔드필드 #로시,0:54,엔드필드,로시 개인스 컷씬,https://youtube.com/shorts/dakEu1-FGBQ,
023,2026. 3. 31,업로드,숏폼,SC,[엔드필드] 동심 찾기 여정 #엔드필드 #로시,1:49,엔드필드,로시 개인스 클립 편집,https://youtube.com/shorts/ljdJjNZbqkM,
024,2026. 3. 31,업로드,롱폼 - 풀버전,N/A,[엔드필드] 로시 스토리 이벤트 -「적기사」 (1.1버전)(컷편집),56:57,엔드필드,로시 개인스 풀버전 컷편집,https://youtu.be/X95YBKKnQ24,
025,2026. 4. 1,업로드,숏폼,GI,[스타레일] 만우절 기습 댄스?? #스타레일 #만우절,0:56,스타레일,호요페어 만우절 영상 편집,https://youtube.com/shorts/lSOhzB5slGg,
026,2026. 4. 1,업로드,숏폼,GI,[띵조] 카멜탈 드디어 참전! #명조 #만우절,0:33,명조,명조 만우절 영상 편집,https://youtube.com/shorts/nZB8W2SN0-c?feature=share,
027,2026. 4. 1,업로드,숏폼,GI,[젠레스 존 제로] 니콜 이격 공개?!(아님) #젠존제 #만우절,0:09,젠존제,젠존제 만우절 영상 편집,https://youtube.com/shorts/-rNfxxaFHdA,
028,2026. 4. 2,업로드,숏폼,HC,[원신] 린네아의 과거 #원신 #린네아,2:19,원신,린네아 캐릭터 pv 편집,https://youtube.com/shorts/lM7DuizyvLc,
029,2026. 4. 7,업로드,숏폼,GI,[젠존제] 돈 잘 버는 궁우 누님 #젠존제 #남궁우,0:36,젠존제,남궁우 캐릭터 pv와 인겜에서 주식으로 돈을 버는 언급을 편집,https://youtube.com/shorts/TC9fob893sw,
030,2026. 4. 7,업로드,숏폼,HC,[원신] 린네아씨 취향이 수상해요 #원신 #린네아,0:43,원신,린네아 캐릭터 트레일러 편집,https://youtube.com/shorts/9A_pP323jIo,
031,2026. 4. 8,업로드,롱폼 - 풀버전,N/A,[원신] 이벤트 스토리 -「돌아온 바람 잡는 이방인」(6.4버전)(컷편집),1:24:59,원신,이벤트 돌아온 바람잡는 이방인 컷편집,https://www.youtube.com/watch?v=FFdCEoriWwc,
032,2026. 4. 8,업로드,롱폼 - 풀버전,N/A,[원신] 이벤트 스토리 - 한 잔의 여유 & 오차의 흔적 (6.4버전)(컷편집),1:08:26,원신,돌아온 바람잡는 이방인 중 서브 스토리인 한 잔의 여유와 오차의 흔적 컷편집,https://youtu.be/T7oVJ2WROvQ,
033,2026. 4. 8,업로드,숏폼,HC,[원신] 루미는 린네아를 슬프지 않게 하려고 버텼다! #원신 #린네아,2:47,원신,린네아 전설임무 컷씬,https://youtube.com/shorts/fSkoBe6xVbE,
034,2026. 4. 9,업로드,롱폼 - 풀버전,N/A,[원신] 린네아 전설 임무 - 예언하는 새의 장·제1막「귀환의 날갯짓」(6.5버전)(컷편집),1:42:44,원신,린네아 전설임무 컷편집,https://youtu.be/oA3_Fz3BQcU,
035,2026. 4. 9,업로드,숏폼,SC,[원신] 모험가 길드 1타 강사 #원신 #린네아,2:21,원신,"루미아 등장 씬, 수업 진행 모습, 페이몬을 노리는 장면, 자기소개 등",https://youtube.com/shorts/QHedpM-xmdU,
036,2026. 4. 9,업로드,숏폼,SC,[원신] 유관의 품격 야호다 #원신 #야호다,1:39,원신,"야호다 등장 씬, 이전 대화 관련 대화, 이후 켈라이노와 대결 장면",https://youtube.com/shorts/sNVZjXMIE8k,
037,2026. 4. 9,업로드,숏폼,GI,[원신] 쿨뷰티 요정 누나 #원신 #켈라이노,0:59,원신,"켈라이노 등장 씬 클립, 스토리보단 캐릭터 모습 어필",https://youtube.com/shorts/gvz5weBxM1M,
038,2026. 4. 9,업로드,숏폼,SC,[원신] 자매 싸움(희망편) #원신 #린네아 #켈라이노,2:35,원신,미래를 본 뒤 켈라이노를 찾아가 투닥 거리는 모습,https://youtube.com/shorts/GgjGeH4BkbQ,
039,2026. 4. 10,업로드,롱폼 - 풀버전,N/A,[명조] [조수 임무 · 이어진 조수] 제3장 · 에필로그 「어두운 면 · 뒤틀린 토끼의 그림자」(3.2버전)(컷편집),1:10:59,명조,3.2버전 후반부 메인 스토리 컷편집,https://youtu.be/ZgFPwelO17Y,
040,2026. 4. 10,업로드,숏폼,SC,[명조] 기억계 공명자의 고충 #명조 #루실라,2:56,명조,3.2버전 후반부 메인 스토리 중 루실라 관련 스토리 클립,https://youtube.com/shorts/UoO0c_cQUDs,
041,2026. 4. 10,업로드,숏폼,SC,[명조] 잔성회... 갈랐다고 #명조 #히유키,1:22,명조,3.2버전 후반부 메인 스토리 중 히유키 컷씬,https://youtube.com/shorts/4eGlGxujbX8,
042,2026. 4. 10,업로드,숏폼,SC,[명조] 여고생 괴롭히는 회장님 #명조 #데니아,2:10,명조,3.2버전 후반부 메인 스토리 중 데니아와 니보라 대화 장면,https://youtube.com/shorts/PlbLjtb-oBM,
043,2026. 4. 10,업로드,숏폼,HC,[명조] 히유키는 면역 상태입니다. #명조 #루실라 #히유키,0:56,명조,3.2버전 후반부 메인 스토리 중 루실라가 준 사탕을 히유키가 먹는 장면,https://youtube.com/shorts/zooKkTaE6QA,
044,2026. 4. 10,업로드,숏폼,HC,[젠존제] 뉴에리두치안국간식도둑시시아 #젠존제 #시시아,1:56,젠존제,시시아 캐릭터 pv 편집,https://youtube.com/shorts/NCRaej21wgQ,
045,2026. 4. 10,업로드,숏폼,HC,[이환] 이환 애니퀄 뭐임? #이환 #파디아,0:59,이환,파디아 pv 편집,https://youtube.com/shorts/xuTGy9FywJo,
046,2026. 4. 10,업로드,숏폼,GI,[젠존제] 나도 뱀 키울래 #젠존제 #시시아,0:13,젠존제,시시아 판매 불가 영상 편집,https://youtube.com/shorts/i409T_M7XEE,
047,2026. 4. 10,업로드,숏폼,HC,[스타레일] 드디어 나온 이상 낙원 MV #스타레일 #이상낙원,1:32,스타레일,4.2 공방 mv 부분 편집,https://youtube.com/shorts/SClja-2xZrs,
048,2026. 4. 10,업로드,숏폼,HC,[스타레일] 붕스 애니 공개 #스타레일 #MAPPA,2:38,스타레일,붕스 애니 제작 공개 부분 편집,https://youtube.com/shorts/LEJBY3TE13M,
049,2026. 4. 10,업로드,숏폼,GI,[스타레일] 4.2버전 공식방송 요약 #스타레일 #이상낙원,0:57,스타레일,공방 여러 정보 클립합쳐서 편집,https://youtube.com/shorts/dGe0G4T9EdA,
050,2026. 4. 10,업로드,숏폼,GI,[스타레일] 진짜 섭종까지 쓰는 은랑 모션 #스타레일 #은랑,1:00,스타레일,은랑 전투 모션,https://youtube.com/shorts/foQjWRTJJQ0,
051,2026. 4. 10,업로드,숏폼,GI,[스타레일] 에바네시아 모션 공개 #스타레일 #에바네시아,0:31,스타레일,에바네시아 전투 모션,https://youtube.com/shorts/V4OnigDWq3I,
052,2026. 4. 10,업로드,숏폼,GI,[스타레일] 응원봉 광선검 쌍절곤 #스타레일 #개척자,0:22,스타레일,개척자 환락 전투 모션,https://youtube.com/shorts/HCKUmo1iPic,
053,2026. 4. 11,업로드,숏폼,GI,[엔드필드] 슈 리컨버너? 등장! #엔드필드 #슈,0:31,엔드필드,1.2 공방 슈와 닮은 신캐,https://youtube.com/shorts/0kDvbUcygy4,
054,2026. 4. 11,업로드,숏폼,GI,[엔드필드] 장방이 프리뷰 #엔드필드 #장방이,1:04,엔드필드,1.2 공방 장바이 스킬 모션,https://youtube.com/shorts/LUIYAQipBdI,
055,2026. 4. 11,업로드,숏폼,GI,[엔드필드] 새로운 오퍼레이터 이지연 #엔드필드 #이지연,0:20,엔드필드,1.2 공방 이지연 등장 장면,https://youtube.com/shorts/EIbCPCGLngo,
056,2026. 4. 11,업로드,숏폼,GI,[엔드필드] '위기협약' 상륙 #엔드필드 #위기협약,0:45,엔드필드,1.2 공방 신규 컨텐츠 위기 협약 소개,https://youtube.com/shorts/O34u3JN0NU4,
057,2026. 4. 12,업로드,숏폼,DA,[스타레일] 제다이 마스터 개척자 #스타레일 #개척자,0:30,스타레일,환락 개척자 모션과 스타워즈 비교,https://youtube.com/shorts/7IRzcsELUbs,
058,2026. 4. 12,업로드,숏폼,GI,엔드필드] 신규 오퍼 선공개 #엔드필드 #미브,0:32,엔드필드,1.2 공방 다음 버전 신캐 프리뷰,https://youtube.com/shorts/h33H0z9DP3U,
059,2026. 4. 13,업로드,숏폼,GI,[엔드필드] 바로 게임패드 정상화 #엔드필드,0:27,엔드필드,게임패드 조작 변경으로 물류 새로고침 오조작 해결되는 클립,https://youtube.com/shorts/hgWSVnNYIBI,
060,2026. 4. 13,업로드,숏폼,GI,[원신] '천사' 니콜·라인 곧 출시 #원신 #니콜,0:!7,원신,니콜 캐릭터 공개 쇼츠 편집,https://youtube.com/shorts/PEcjyQ0wnl8,
061,2026. 4. 13,업로드,숏폼,HC,[젠존제] 시시아 망상 대모험 #젠존제 #시시아,1:02,젠존제,시시아 캐릭터 pv 편집,https://youtube.com/shorts/y3_XCdB6PuQ,
062,2026. 4. 14,업로드,숏폼,GI,[원신] 적배추 프루네 곧 출시! #원신 #프루네,0:35,원신,"프루네 소개 영상, 인겜 등장씬 편집",https://youtube.com/shorts/v2I01oHgqeQ,
063,2026. 4. 14,업로드,숏폼,GI,[원신] 서늘한 화살촉 로엔 곧 출시! #원신 #로엔,0:41,원신,"로엔 소개 영상, 인겜 등장씬 편집",https://youtube.com/shorts/f1JSJrn8t7o,
064,,보류/폐기,롱폼 - 풀버전,N/A,[원신] 월드 임무 - 「산속의 긴 하루」(6.5버전)(컷편집),,원신,산 속의 긴 하루' 컷편집,,
065,2026. 4. 16,업로드,숏폼,GI,[스타레일] 꼬마 은랑 4개국어 웃음 소리 #스타레일 #은랑,0:33,스타레일,은랑 pv 웃음소리 국가별 더빙 비교,https://youtube.com/shorts/E-yF43iFjEI,
066,2026. 4. 16,업로드,숏폼,GI,[젠존제] 혀 낼름낼름 시시아 #젠존제 #시시아,0:46,젠존제,"시시아 가챠, 육성, 전투 모션",https://youtube.com/shorts/LP3EAe7hxyQ,
067,2026. 4. 16,업로드,숏폼,DA,[원신] 원신 세계관 확정 빌드업 #원신 #떡밥,0:56,원신,원신에서 티바트 밖을 언급하는 내용 총정리,https://youtube.com/shorts/B60ZUKLa21s,
068,2026. 4. 16,업로드,숏폼,GI,[스타레일] 스...스타레일 버블티 주세요.. #스타레일 #공차콜라보,0:27,스타레일,공차 콜라보와 루이스 커피 콜라보 비교,https://youtube.com/shorts/EOeQFP_hakM,
069,2026. 4. 16,업로드,숏폼,HC,[엔드필드] 무릉 전술 병기 장방이 #엔드필드 #장방이,1:26,엔드필드,장방이 pv 편집,https://youtube.com/shorts/vgy6PDrd0bw,
070,2026. 4. 16,업로드,숏폼,HC,[이환] 이환 시작할 준비됐나요? #이환 #정식출시,1:29,이환,정식 출시 pv 편집,https://youtube.com/shorts/YMft5rmDQ0g,
071,2026. 4. 17,업로드,숏폼,GI,[스타레일] 은랑 vs 각성 은랑 #스타레일 #은랑,2:48,스타레일,별무리 기행 pv 분석,https://youtube.com/shorts/9v_s16-IcQc,
072,2026. 4. 17,업로드,숏폼,GI,[엔드필드] 장방이 출시 #엔드필드 #장방이,2:18,엔드필드,장방이 인게임 각종 모션,https://youtube.com/shorts/1PXPP6ndPQ8,
073,2026. 4. 17,업로드,숏폼,HC,"[엔드필드] 무릉 특수부대 대장, 결 #엔드필드 #결 #이지연",1:18,엔드필드,1.2 스토리 결 컷씬,https://youtube.com/shorts/oLkt_GlkZc0,
074,2026. 4. 17,업로드,숏폼,HC,[엔드필드] 시즌 N번째 아다시르 도주 #엔드필드 #아다시르,2:34,엔드필드,1.2 스토리 아다시르 전투씬,https://youtube.com/shorts/c5I2SJu_nSs,
075,2026. 4. 17,업로드,숏폼,HC,[명조] 에이메스 딱 기다려 #명조 #에이메스,0:47,명조,3.3pv 편집,https://youtube.com/shorts/Mox008OoC4E,
076,2026. 4. 17,업로드,숏폼,GI,[명조] 수상하지만 이쁜 데니아 #명조 #데니아,0:32,명조,3.3 공방 데니아 편집,https://youtube.com/shorts/n6TF24mQOvg,
077,2026. 4. 17,업로드,숏폼,GI,[명조] 데니아 가챠 모션(+전무 모션) #명조 #데니아,0:32,명조,3.3 공방 데니아 가챠 모션 편집,https://youtube.com/shorts/GBUXMZhU6XE,
078,2026. 4. 17,업로드,숏폼,GI,[명조] 교수님!?스킨!! #명조 #모니에,0:32,명조,3.2 공방 모니에 스킨 공개,https://youtube.com/shorts/np-eMUhe7sY,
079,2026. 4. 18,업로드,숏폼,HC,역대급 보스전 연출 #엔드필드 #네파리스,1:30,엔드필드,네파리스 보스전,https://youtube.com/shorts/iDL9cbU8DJo,
080,2026. 4. 18,업로드,숏폼,HC,무릉성: 엔드게임 #엔드필드 #장방이 #네파리스,1:20,엔드필드,1.2 하이라이트,https://youtube.com/shorts/OOaDc41Zebk,
081,2026. 4. 18,업로드,숏폼,GI,장빙 플러팅 미쳤지?! #엔드필드 #장방이,0:30,엔드필드,공식 채널 장방이 쇼츠 편집,https://youtube.com/shorts/o5CfWJW5vzc,
082,2026. 4. 19,업로드,숏폼,HC,게이머 특 #스타레일 #은랑,1:07,스타레일,은랑 이격 pv 편집,https://youtube.com/shorts/t5C6uIft7nU,
083,2026. 4. 21,업로드,숏폼,HC,레일건 쏘는 호랑이 #이환 #나나리,1:30,이환,나나리 pv 편집,https://youtube.com/shorts/2fCj9IjD9io,
084,2026. 4. 21,업로드,숏폼,DA,젠존제 시즌 3 미리보기! #젠존제 #시즌3,1:17,젠존제,시즌 3 프리뷰 영상 해설,https://youtube.com/shorts/MohISpx4mqc,
085,2026. 4. 22,업로드,숏폼,DA,시그리카 테마곡이 월드컵에? #명조 #시그리카,1:10,명조,해외에서 나온 시그리카 ep 월드컵 테마곡 밈 분석,https://youtube.com/shorts/cvbSb3k6MoU,
086,2026. 4. 22,업로드,숏폼,HC,친절한 이웃 나나리 #이환 #나나리,1:01,이환,나나리 pv 편집,https://youtube.com/shorts/1kxRS-Jh4M4,
087,2026. 4. 22,업로드,숏폼,SC,공작 가지고 노는 여우 #스타레일 #효광 #에바네시아,1:19,스타레일,4.2 스토리 중 효광과 에바네시아 대화 장면,https://youtube.com/shorts/vxqpS2Uvka4,
088,2026. 4. 22,업로드,숏폼,HC,선데이 검거 #스타레일 #선데이,0:47,스타레일,4.2 스토리 중 컷씬,https://youtube.com/shorts/CRLZlZdwqik,
089,2026. 4. 22,업로드,숏폼,HC,은랑 혼자 레벨업 #스타레일 #은랑,1:36,스타레일,4.2 스토리 중 은랑 컷씬,https://youtube.com/shorts/SazPE_pJeA8,
090,2026. 4. 22,업로드,숏폼,HC,염원을 모아 환락의 힘으로 #스타레일 #개척자,1:34,스타레일,4.2 스토리 중 클라이막스 컷씬,https://youtube.com/shorts/qU_7aEHbL1k,
091,2026. 4. 23,업로드,숏폼,GI,오늘도 엔드필드는 또 햄버거 먹었어 #엔드필드 #콜라보,0:30,엔드필드,엔드필드 편의점 콜라보 영상,https://youtube.com/shorts/G2tLXwmV3Kg,
092,2026. 4. 23,업로드,숏폼,GI,은랑 표지사기 #스타레일 #은랑,0:18,스타레일,은랑 인게임 일러와 애니 모습 비교,https://youtube.com/shorts/1VZoOT3hRsM,
093,2026. 4. 24,업로드,숏폼,SC,선데이가 걷는 개척의 길 #스타레일 #선데이,1:54,스타레일,4.2 스토리 중 컷씬과 선데이 대사,https://youtube.com/shorts/1FrMRCwz7ZQ,
094,2026. 4. 24,업로드,숏폼,SC,가족이 된 시시아 #젠존제 #시시아,1:24,젠존제,시시아 신뢰도 스토리 일부,https://youtube.com/shorts/Dk4YutSe5j4,
095,2026. 4. 24,업로드,숏폼,GI,드디어 미야비 스킨! #젠존제 #미야비,0:20,젠존제,2.8 공방 미야비 스킨 공개,https://youtube.com/shorts/4SPE7SJPYwk,
096,2026. 4. 25,업로드,숏폼,GI,열차에 타라 여행자 #원신 #스네즈나야,0:21,원신,스네즈나야 특별 공방 편집,https://youtube.com/shorts/W9OUtT_2TQ4,
097,2026. 4. 25,업로드,숏폼,GI,연출 고점 뚫은 월드임무 #원신 #공간의신전,0:52,원신,산 속의 긴 하루' 연출 좋은 장면 편집,https://youtube.com/shorts/5UOB70ZXCm8,
098,2026. 4. 26,업로드,숏폼,HC,냉미녀 히유키 #명조 #히유키,0:58,명조,히유키 모션 영상 편집,https://youtube.com/shorts/CyImpnk19d8,오류로 재업
099,2026. 4. 27,업로드,숏폼,GI,크리스틴... 너야? #엔드필드 #론트레일,0:36,엔드필드,우주 테마 이벤트 속 명일방주 이스터에그,https://youtube.com/shorts/_YydFKY20NE,
100,2026. 4. 27,업로드,숏폼,GI,리겜 장인 은랑 #스타레일 #은랑,0:42,스타레일,은랑 리겜 관련 요소 정리,https://youtube.com/shorts/OTwqgijp8I4,
101,2026. 4. 27,업로드,숏폼,GI,은랑 영상이 몇 개야?? #스타레일 #은랑,0:27,스타레일,은랑 짧은 애니 영상 편집,https://youtube.com/shorts/AD-V1AuXnAw,
102,2026. 4. 28,업로드,숏폼,GI,3주년 특수 대사 모음 #스타레일 #3주년,0:23,스타레일,3주년 웹이벤트 다양한 대사 모음,https://youtube.com/shorts/TaGcaPJ3vaU,
103,2026. 4. 28,업로드,숏폼,HC,히유키 PV 공개! #명조 #히유키,0:53,명조,히유키 pv 편집,https://youtube.com/shorts/hc__N2-0aT4,
104,2026. 4. 28,업로드,숏폼,GI,파에톤 전투 폼? 공개 #젠존제 #피로이스,0:17,젠존제,피로이스 공개 영상,https://youtube.com/shorts/IeCU6xsX5xU,
105,2026. 4. 29,업로드,숏폼,DA,쿠치바가 수상한 이유 #스타레일 #쿠치바,0:40,스타레일,쿠치바 떡밥 분석,https://youtube.com/shorts/AEoH650F_2A,
106,2026. 4. 29,업로드,숏폼,HC,명조 내일 개 큰 거 온다 #명조 #2주년,0:38,명조,"명조 3.3 업뎃 전날 카운드 다운, pv 등 편집",https://youtube.com/shorts/etXW29bwxRs,
107,2026. 4. 29,업로드,숏폼,GI,첫 바람 속성 밸리나 공개! #젠존제 #벨리나,0:15,젠존제,벨리나 성우 공개 영상 편집,https://youtube.com/shorts/qn3xAyLPc1Y,
108,2026. 4. 29,업로드,숏폼,GI,노르마 불...격파? #젠존제 #노르마,0:17,젠존제,노르마 성우 공개 영상 편집,https://youtube.com/shorts/8D1bHfSn9OA,
109,2026. 4. 29,업로드,숏폼,GI,명조 2주년 V브이V #명조 #2주년,0:16,명조,2주년 기념일러 모음,https://youtube.com/shorts/L_h_c7aYsg4,
110,2026. 4. 30,업로드,숏폼,GI,엔젤디 잊지마! #젠존제 #엔젤디,0:23,젠존제,엔젤디 채널 게시물,https://youtube.com/shorts/xpIn627EMs4,
111,2026. 4. 30,업로드,롱폼 - 풀버전,N/A,"[스타레일] 개척 임무 5장 제3막 이상 낙원 - 「그리하여, 웃음소리는 멈추지 않으리」(4.2버전)(컷편집)",3:32:03,스타레일,"개척 임무 5장 3막 이상 낙원 - 「 그리하여, 웃음소리는 멈추지 않으리」컷편집",https://youtu.be/Fh38s_obFT4,
112,2026. 4. 30,업로드,숏폼,HC,신규캐 대거 공개! #젠존제 #시즌3,1:11,젠존제,시즌 3 pv 편집,https://youtube.com/shorts/1zS2veGvqzY,
113,2026. 4. 30,업로드,숏폼,HC,엑소스트라이더 기동 #명조 #컷씬,0:57,명조,엑소스트라이더 컷씬,https://youtube.com/shorts/0NSJiL0MVV8,
114,2026. 4. 30,업로드,숏폼,HC,너는 내 자랑이야 #명조 #에이메스,1:30,명조,에이메스 컷씬,https://youtube.com/shorts/1Mkpr8E_gBk,
115,2026. 5. 1,업로드,숏폼,DA,시즌3 에이전트 정체? #젠존제 #시즌3,0:20,젠존제,신캐 분석과 밈,https://youtube.com/shorts/EplKRJgEMUQ,
116,2026. 5. 1,업로드,숏폼,HC,역대급 메카 전투씬 #명조 #알레프원,1:01,명조,알레프원 전투씬,https://youtube.com/shorts/AvUCsRzxgHE,
117,2026. 5. 1,업로드,숏폼,GI,프로미아 갭모에 #젠존제 #프로미아,0:16,젠존제,프로미아 게시물 관련,https://youtube.com/shorts/W4UwUL02cBA,
118,2026. 5. 1,업로드,숏폼,GI,모두와 함께하는 2주년 #명조 #2주년,0:24,명조,2주년 기념 영상,https://youtube.com/shorts/vdNoaWsC084,
119,2026. 5. 2,업로드,숏폼,GI,힘을 숨긴 썬 브링어 #젠존제 #태양을가져온자,0:12,젠존제,썬 브링어 일러 비교,https://youtube.com/shorts/FdGuoilFv_U,
120,2026. 5. 2,업로드,숏폼,GI,블버지 밥해주는 이유 #스타레일 #블레이드,0:15,스타레일,"웹이벤과 pv, 가족들 밥 챙겨주는 블레이드",https://youtube.com/shorts/2AYxOQTRewk,
121,2026. 5. 2,업로드,숏폼,HC,경매에 올라온 프로미아 #젠존제 #프로미아,0:48,젠존제,프로미아 캐릭터 pv,https://youtube.com/shorts/HGoY8jeLSUE,
122,2026. 5. 3,업로드,숏폼,GI,3.3 에이메스 후일담 위치 #명조 #에이메스,0:28,명조,에이메스 후일담 공략,https://youtube.com/shorts/1gqDw9_sdQA,
123,2026. 5. 3,업로드,숏폼,SC,데니아는 잘 못 없어 #명조 #데니아,1:07,명조,데니아 등장 장면,https://youtube.com/shorts/6V8BnWS_y-A,
124,2026. 5. 4,업로드,롱폼 - 풀버전,N/A,[명조][조수 임무] 제3장 - 에필로그 「방울에 맺힌 소원」(3.3버전)(컷편집),37:32,명조,3.3 메인 스토리 컷편집,https://youtu.be/sJhDYpjuVJI,
125,2026. 5. 4,업로드,롱폼 - 풀버전,N/A,[명조][조수 임무] 제3장 - 제5막 「어젯밤의 뭇별들」(3.3버전)(컷편집),2:14:49,명조,3.3 메인 스토리 컷편집,https://youtu.be/KgZSoIt20Ck,
126,2026. 5. 6,업로드,롱폼 - 풀버전,N/A,"[명조][조수 임무] 제3장 - 제5막 「어젯밤의 뭇별들」에필로그, 후일담(3.3버전)(컷편집)",31:16,명조,"3.3 메인 스토리 컷편집, 후일담 추가 후 재업로드",https://youtu.be/LNHYjxEm-ek,
127,2026. 5. 4,업로드,롱폼 - 풀버전,N/A,[엔드필드] 2장 프로세스 4 - 「과거의 이야기」(1.2버전)(컷편집),1:11:23,엔드필드,2장 프로세스 4 - 「과거의 이야기」스토리 컷편집,https://youtu.be/mGLKmmaYWdc,
128,2026. 5. 4,업로드,롱폼 - 풀버전,N/A,[엔드필드] 2장 프로세스 5 - 「노도」(1.2버전)(컷편집),49:48,엔드필드,2장 프로세스 5 - 「노도」스토리 컷편집,https://youtu.be/2hdM4jKskIw,
129,2026. 5. 4,업로드,롱폼 - 풀버전,N/A,[엔드필드] 2장 프로세스 6 - 「 천근의 무게」(1.2버전)(컷편집),1:12:09,엔드필드,2장 프로세스 6 - 「 천근의 무게」스토리 컷편집,https://youtu.be/YOYFRqSUp7Y,
130,2026. 5. 3,업로드,숏폼,GI,스타레일 3주년 음악회 요약 #스타레일 #음악회,1:29,스타레일,3주년 음악회 요약,https://youtube.com/shorts/DLvoSm76sbo,
131,2026. 5. 4,업로드,숏폼,DA,프로미아씨 취향이... #젠존제 #프로미아,0:31,젠존제,프로미아 M밈,https://youtube.com/shorts/zamwVjL_ihc,
132,2026. 5. 4,업로드,숏폼,GI,내 아내임 ㅎ #명조 #모니에,0:21,명조,모니에 스킨,https://youtube.com/shorts/sj03_DwMrOo,
133,2026. 5. 5,업로드,숏폼,GI,라하이 로이 정신 #명조 #에이메스,0:25,명조,에이메스 마우가 밈 패러디,https://youtube.com/shorts/ZTE8tQbihf4,
134,2026. 5. 5,업로드,숏폼,SC,파멸적인 요리 실력 #젠존제 #남궁우,0:44,젠존제,훠궈 이벤트 남궁우 요리 장면,https://youtube.com/shorts/VewRbopmDco,
135,2026. 5. 5,업로드,숏폼,HC,프로미아의 과거 #젠존제 #프로미아,0:54,젠존제,프로미아 캐릭터 pv,https://youtube.com/shorts/RECOQprundA,
136,2026. 5. 6,업로드,숏폼,SC,제인한테 수갑 묶이는 법 #젠존제 #제인도,0:45,젠존제,훠쿼 이벤트 제인 도 장면,https://youtube.com/shorts/vmz-rhfV4jA,
137,2026. 5. 6,업로드,롱폼 - 풀버전,N/A,"[젠레스 존 제로] 이벤트 스토리 - 「오랜 친구, 새로운 의뢰」(2.7버전)(컷편집)",38:34,젠존제,"「오랜 친구, 새로운 의뢰」이벤스 풀버전",https://youtu.be/1pPOg0wnk9o,
138,2026. 5. 6,업로드,롱폼 - 풀버전,N/A,[젠레스 존 제로] 이벤트 스토리 - 「펄펄 끓는 미식 탐방기」(2.7버전)(컷편집),1:07:28,젠존제,「펄펄 끓는 미식 탐방기」이벤스 풀버전,https://youtu.be/N3WNJOImjTc,
139,2026. 5. 6,업로드,숏폼,HC,별빛 기사 빌리 변신! #젠존제 #빌리,0:56,젠존제,2.8 스토리 빌리 컷씬,https://youtube.com/shorts/ZHMFbIRjgMk,
140,2026. 5. 6,업로드,숏폼,HC,프로미아와 시시아는 아직 어색해 #젠존제 #프로미아,0:51,젠존제,2.8 스토리 프로미아 컷씬,https://youtube.com/shorts/mmrLAVLZC5Y,
141,2026. 5. 6,업로드,숏폼,SC,상습 마감 지각러 나힐럭스 #스타레일 #나힐럭스,0:46,스타레일,나힐럭스 마감 쫒기는 내용 모음,https://youtube.com/shorts/FkDtcgP-Ozs,
142,2026. 5. 6,업로드,숏폼,HC,젠존제 충격적인 전개 #젠존제 #파에톤,1:16,젠존제,2.8 스토리 클라이막스,https://youtube.com/shorts/seGGiPCRUsY,
143,2026. 5. 6,업로드,롱폼 - 풀버전,N/A,[젠레스 존 제로] 메인 스토리 시즌 2 에필로그  -「뉴: 에리두의 일몰(하)」 (2.8버전)(컷편집),2:13:45,젠존제,메인 스토리 시즌 2 에필로그  -「뉴: 에리두의 일몰(하)」스토리 컷편집,https://youtu.be/5w1xdAsMvCg,
144,2026. 5. 7,업로드,숏폼,GI,시시아 쓰담쓰담 #젠존제 #프로미아 #시시아,0:25,젠존제,시시아 과거 회상의 진실,https://youtube.com/shorts/Z8ujEE9Wefs,
145,2026. 5. 7,업로드,숏폼,DA,같은 모티프 #스타레일 #이환,0:29,"스타레일, 이환",바다 위 정거장 장면 모음,https://youtube.com/shorts/jpHxGFv3554,
146,2026. 5. 7,업로드,숏폼,HC,드디어 사펑 콜라보 떴다!! #명조 #사이버펑크,0:42,명조,엣지러너 콜라보 영상,https://youtube.com/shorts/lvDJPYAmAhI,
147,2026. 5. 8,업로드,숏폼,DA,데니아 애껴.. #명조 #데니아,0:43,명조,데니아 빈곤 밈,https://youtube.com/shorts/J5NWIhFfO6g,
148,2026. 5. 8,업로드,숏폼,SC,공허사냥꾼 급 시시아? #젠존제 #레미엘 #시시아,1:13,젠존제,레미엘 시시아 대화 장면,https://youtube.com/shorts/4YCpSBw4ffU,
149,2026. 5. 8,업로드,숏폼,GI,띵조 페스 일러스트 모음 #명조 #띵조페스티벌,0:16,명조,명조 페스티벌 일러스트 모음,https://youtube.com/shorts/iNs1Ft0yDs4,
150,2026. 5. 8,업로드,숏폼,GI,총 든 여행자?? #원신 #스네즈나야,0:33,원신,공방 스네즈나야 프리뷰,https://youtube.com/shorts/7tK0giZ8EYw,
151,2026. 5. 8,업로드,숏폼,HC,도토레 그레이트 어게인 #원신 #도토레,0:35,원신,공방 도토레 등장 씬,https://youtube.com/shorts/gy3Z_nEhebU,
152,2026. 5. 8,업로드,숏폼,GI,니콜 모션 공개! #원신 #니콜,0:25,원신,공방 니콜 전투 모션,https://youtube.com/shorts/UkZDejY86Ls,
153,2026. 5. 9,업로드,숏폼,HC,커여운 시시아 #젠존제 #시시아,0:30,젠존제,스토리 컷씬 시시아 모습 강조,https://youtube.com/shorts/22E_a1An-Ik,
154,2026. 5. 9,업로드,숏폼,GI,로엔씨 무서운 사람이었네 #원신 #로엔,0:20,원신,공방 로엔 등장 장면 편집,https://youtube.com/shorts/SE_c2DNmEtU,
155,2026. 5. 9,업로드,숏폼,GI,프루네 일본 성우 특 #원신 #엔드필드 #프루네,0:13,"원신, 엔드필드",프루네 성우 다른 캐릭터 비교,https://youtube.com/shorts/M6rMFzqsiVw,
156,2026. 5. 10,업로드,숏폼,DA,설마 이거? #젠존제 #파에톤,0:47,젠존제,파에톤 보스 폼과 피로이스 비교,https://youtube.com/shorts/0622gQMWgT0,
157,2026. 5. 10,업로드,숏폼,GI,프로미아 asmr? #젠존제 #프로미아,0:35,젠존제,프로미아 특별 영상 편집,https://youtube.com/shorts/zeUjKn48zRY,
158,2026. 5. 11,업로드,숏폼,DA,겨우 4년 이였다... #원신 #도토레,0:33,원신,막간 pv와 6.6 pv 비교,https://youtube.com/shorts/32pATsDYTUM,
159,2026. 5. 11,업로드,숏폼,HC,초고교급 여고생 여우 #스타레일 #에바네시아,0:47,스타레일,에바네시아 pv,https://youtube.com/shorts/U2hNQYoXJGw,
160,2026. 5. 11,업로드,숏폼,DA,사이버펑크 콜라보 스토리 추측 #명조 #사이버펑크,0:39,명조,엣지러너 콜라보 스토리 추측,https://youtube.com/shorts/OOn4Utt_Vlc,
161,2026. 5. 12,업로드,숏폼,GI,로스캘리퍼로 가는 캐릭터 정리 #젠존제 #로스캘리퍼,0:25,젠존제,로스캘리퍼 등장인물 추측,https://youtube.com/shorts/yeB6_T3W1o0,
162,2026. 5. 12,업로드,숏폼,DA,주년캐가 아닌 범부여 #스타레일 #에바네시아,0:22,스타레일,에바네시아 홀대 논란,https://youtube.com/shorts/oJOyGuIsnXQ,
163,2026. 5. 12,업로드,숏폼,SC,린네 과실 100 대 0 #명조 #린네,0:36,명조,린네 오토바이 사고 클립,https://youtube.com/shorts/kcUNFJDCHM8,
164,2026. 5. 13,업로드,숏폼,SC,에바네시아 대모험! #스타레일 #에바네시아,0:58,스타레일,에바폭스의 대모험 영상 편집,https://youtube.com/shorts/kbzmTaUBaGk,
165,2026. 5. 14,업로드,숏폼,GI,바이크 챌린지 날먹 #명조,0:24,명조,바이크 점프맵 활공으로 날먹,https://youtube.com/shorts/ZIzUldBEC_0,오류로 재업
166,2026. 5. 14,업로드,숏폼,HC,괜히 미녀회가 아님 #원신 #니콜,0:16,원신,니콜 관련 영상들 짜집기,https://youtube.com/shorts/YugPAgGyPeE,오류로 재업
167,2026. 5. 14,업로드,숏폼,HC,니콜이 목소리를 잃은 이유 #원신 #니콜,0:46,원신,니콜 캐릭터 pv,https://youtube.com/shorts/Uhd5tNZ8wTA,
168,2026. 5. 16,업로드,숏폼,HC,라하이 로이를 돌아보며 #명조 #라하이로이,0:57,명조,라하이 로이 기념 애니메이션,https://youtube.com/shorts/am0GvyNiHfc,
169,2026. 5. 17,업로드,숏폼,HC,두 가지 맛 데니아 #명조 #데니아,0:33,명조,데니아 모션 영상 편집,https://youtube.com/shorts/NaJ9U7aRO_g,
170,2026. 5. 17,업로드,숏폼,GI,왜 한국만 다름? #명조 #데니아,0:10,명조,데니아 썸네일 이슈,https://youtube.com/shorts/FPeDQvSO-sk,
171,2026. 5. 18,업로드,숏폼,HC,마녀 사냥꾼 하나를 조심하라고? #원신 #프루네,0:38,원신,프루네 pv,https://youtube.com/shorts/vUpaO6Jw3ZI,
172,2026. 5. 18,업로드,숏폼,GI,명조 지역별 단체샷 #명조,0:!6,명조,지역별 단체샷 비교,https://youtube.com/shorts/BADWoBxnAUo,
173,2026. 5. 19,업로드,숏폼,HC,데니아는 인간이 되고 싶어 #명조 #데니아,0:50,명조,데니아 pv,https://youtube.com/shorts/XzpEjNb24uU,
174,2026. 5. 19,업로드,숏폼,GI,데니아 애호해 줘야 돼 #명조 #데니아,1:14,명조,데니아 pv,https://youtube.com/shorts/I_q6H-K_GXM,오류로 재업
175,2026. 5. 19,업로드,숏폼,HC,니콜 누나 버프 주세요 #원신 #니콜,0:55,원신,니콜 pv,https://youtube.com/shorts/yYTIHZEmfwM,오류로 재업
176,2026. 5. 19,업로드,숏폼,HC,히메코 창 들었다! #스타레일 #히메코,0:14,스타레일,히메코 노바 공개,https://youtube.com/shorts/7JXTFo3jALM,
177,2026. 5. 20,업로드,숏폼,GI,명조 중섭 2주년 일러스트 #명조 #2주년,0:14,명조,명조 중섭 2주년 일러 모음,https://youtube.com/shorts/HZFWjSs4AKc,
178,2026. 5. 20,업로드,숏폼,SC,판탈로네 등장! #원신 #판탈로네,0:20,원신,판탈로네 등장씬,https://youtube.com/shorts/mHvhdt04ZGk,
179,2026. 5. 21,업로드,숏폼,HC,도황 재등장 #원신 #도토레,1:20,원신,도토레 등장 씬,https://youtube.com/shorts/ETnovjyt3DU,
180,2026. 5. 21,업로드,숏폼,HC,도토레의 최후 #원신 #도토레,0:57,원신,도토레 사망 씬,https://youtube.com/shorts/DZETgig7DD0,
181,2026. 5. 21,업로드,숏폼,GI,데니아 가챠 모션 #명조 #데니아,0:33,명조,데니아 가챠 모션,https://youtube.com/shorts/OcpDxiZ8uTE,
182,2026. 5. 21,업로드,숏폼,GI,명조 공포 게임 ㄷㄷ #명조 #데니아,0:36,명조,데니아 스토리 공포 게임 씬,https://youtube.com/shorts/kkqhpoByRaU,
183,2026. 5. 21,업로드,숏폼,SC,니아와 시그 #명조 #데니아,0:38,명조,데니아와 시그리카 재회,https://youtube.com/shorts/3gwYlhn8MME,
184,2026. 5. 22,업로드,숏폼,HC,빌리 스페~샬 #젠존제 #빌리,0:29,젠존제,스타라이트 빌리 pv,https://youtube.com/shorts/gCtEujtfsJk,
185,2026. 5. 22,업로드,숏폼,GI,페이트 2차 콜라보 공개! #스타레일 #페이트,0:20,스타레일,공식 방송 페이트 2차 콜라보 공개,https://youtube.com/shorts/FpgYX-zxNw4,
186,2026. 5. 22,업로드,숏폼,GI,초카와이 아이돌 등장! #엔드필드,0:16,엔드필드,공식 방송 신규 오퍼 선공개,https://youtube.com/shorts/DnvWv0UJz0Q,
187,2026. 5. 22,업로드,숏폼,HC,히메코 보스전? #스타레일 #히메코,0:34,스타레일,4.3 pv,https://youtube.com/shorts/RbBzXMS7FqE,
188,2026. 5. 23,업로드,숏폼,GI,탕탕 카운터 미브 출시 #엔드필드 #미브,0:27,엔드필드,공식 방송 미브 공개,https://youtube.com/shorts/UkubXVuT0YQ,
189,2026. 5. 23,업로드,숏폼,GI,뱀파이어 카뮤 출시 #엔드필드 #카뮤,0:36,엔드필드,공식 방송 카뮤 공개,https://youtube.com/shorts/1tl4_rgI8bU,
190,2026. 5. 23,업로드,숏폼,GI,귀여운 스노우플러프 씰 #명조 #에이메스,0:13,명조,에이메스 전용 장식품,https://youtube.com/shorts/fuz3b8ot2XI,
191,2026. 5. 23,업로드,숏폼,HC,2주년 애니와 신지역 공개 #명조 #2주년,0:35,명조,명조 2주년 애니 뮤비,https://youtube.com/shorts/i3UUGIaDk2Y,
192,2026. 5. 23,업로드,숏폼,DA,진짜 앰포리어스 어게인? #스타레일 #앰포리어스,0:15,스타레일,엠포리어스 떡밥 분석,https://youtube.com/shorts/1M7x9j_9zDI,
193,2026. 5. 23,업로드,숏폼,GI,타기도 정상화 이왜진? #이환 #타기도,0:11,이환,공식 방송 타기도 음소거 기능 공개,https://youtube.com/shorts/Jw7AfR35DRY,
194,2026. 5. 24,업로드,숏폼,GI,감정사 스킨 GOAT  #이환 #감정사,0:18,이환,포르쉐 감정사 스킨 공개,https://youtube.com/shorts/2srSFAFCBcQ,
195,2026. 5. 24,업로드,숏폼,SC,미안 시그리카... #명조 #데니아,0:55,명조,데니아와 시그리카 이별 씬,https://youtube.com/shorts/baMRcyeo5l0,
196,2026. 5. 24,업로드,숏폼,HC,데니아의 선택 #명조 #데니아,0:52,명조,데니아 희생 장면,https://youtube.com/shorts/yXg8dQc0Ewc,
197,2026. 5. 25,업로드,숏폼,GI,산드로네 극적인 부활! #원신 #산드로네,0:13,원신,산드로네 공개 영상,https://youtube.com/shorts/QQ_CBVlxZ78,
198,2026. 5. 26,업로드,숏폼,HC,감정을 일깨운 데니아 #명조 #데니아,0:58,명조,데니아 회상 컷씬,https://youtube.com/shorts/BwHl3Q93ZW8,
199,2026. 5. 26,업로드,숏폼,GI,악의 여간부 니콜 #젠존제 #니콜,0:24,젠존제,빌리 ep 니콜 장면,https://youtube.com/shorts/xIyYvqb-gns,
200,2026. 5. 26,업로드,숏폼,HC,스타 빌리 댄스배틀 #젠존제 #빌리,0:31,젠존제,빌리 ep 댄스 장면,https://youtube.com/shorts/f3T9CmNpY9g,
201,2026. 5. 26,업로드,롱폼,N/A,서브컬쳐 게임 대쉬보드 만들었습니다,1:48,"원신, 엔드필드, 명조, 젠존제, 스타레일",서브컬쳐 게임 일정 대시보드 소개 영상,https://youtu.be/YrVYqVkYFs8,
202,2026. 5. 27,업로드,숏폼,HC,두린의 내가 쓰는 대로 #원신 #두린,0:41,원신,두린 일화 애니메이션,https://youtube.com/shorts/-3d9wSi1OZM,
203,2026. 5. 27,업로드,숏폼,GI,데니아 스마일~ #명조 #데니아,0:29,명조,데니아 감정 표현 테스트,https://youtube.com/shorts/eUVM_eaaPsU,
204,2026. 5. 27,업로드,숏폼,DA,슬픈 데니아 증후군 앓는 사람 보세요 #명조 #데니아,0:44,명조,데니아 복귀 가능성,https://youtube.com/shorts/HHzhBFusXlw,
205,2026. 5. 27,업로드,숏폼,GI,사펑 콜라보가 기대되는 이유 #명조 #사이버펑크,0:20,명조,명조와 사펑 비교,https://youtube.com/shorts/odf4xNvPlyc,
206,2026. 5. 28,업로드,숏폼,DA,데니아 배고파... #명조 #데니아,0:48,명조,데니아 식탐 관련,https://youtube.com/shorts/r_RFMRB_atM,
207,2026. 5. 28,업로드,숏폼,GI,산드로네 혹시..? #원신 #산드로네,0:07,원신,산드로네 헤르타 비교,https://youtube.com/shorts/aRAbdTxFJbc,
208,2026. 5. 29,업로드,숏폼,HC,천야•블레이드 2D 전환씬 #스타레일 #블레이드,0:25,스타레일,블레이드 pv,https://youtube.com/shorts/AUluEaXdv4Q,
209,2026. 5. 29,업로드,숏폼,GI,빌리의 시간 때우기 #젠존제 #빌리,0:18,젠존제,빌리 플리 영상,https://youtube.com/shorts/krQSXj9iFx8,
210,2026. 5. 29,업로드,숏폼,GI,"루시, 레베카 전투 모션 #명조 #사이버펑크",0:38,명조,"공방 루시, 레베카 전투 모션",https://youtube.com/shorts/zv0fC4BHj10,
211,2026. 5. 29,업로드,숏폼,GI,"루시, 레베카 가챠 모션 #명조 #사이버펑크",0:40,명조,"공방 루시, 레베카 가챠 모션",https://youtube.com/shorts/lIoZ9lRHUEk,
212,2026. 5. 29,업로드,숏폼,HC,"캐스트 오프, 루실라 전투 모션 #명조 #루실라",0:23,명조,공방 루실라 전투 모션,https://youtube.com/shorts/kriE3ii8ZaM,
213,2026. 5. 29,업로드,숏폼,GI,루실라 가챠 모션 영화 패러디 모음 #명조 #루실라,0:26,명조,공방 루실라 가챠 모션과 영화 패러디 정리,https://youtube.com/shorts/Lvv35wLT4z8,
214,2026. 5. 30,업로드,숏폼,DA,솔론! 사람의 마음이 없는기가? #명조 #데니아,0:41,명조,데니아 if 일러스트 분석,https://youtube.com/shorts/vkj_baHnpaw,
215,2026. 5. 30,업로드,숏폼,DA,데니아의 이미지 메이킹 #명조 #데니아,0:32,명조,데니아 표정 비교,https://youtube.com/shorts/nrCYfE9yyk8,
216,2026. 5. 31,업로드,숏폼,GI,라크리모사 4개국어 토마토 댄스 #이환 #라크리모사,0:39,이환,라크리모사 pv 댄스 국가별 비교,https://youtube.com/shorts/LaBN6ovZHKs,
217,2026. 5. 31,업로드,숏폼,GI,액세서리 차이 #명조,0:11,명조,명조 캐릭터 엑세서리 비교,https://youtube.com/shorts/s92P1y7POBk,
218,2026. 6. 1,업로드,숏폼,SC,지능이 상승한 삼칠이 #스타레일 #삼칠,0:48,스타레일,스토리 중 삼칠이 장면,https://youtube.com/shorts/iUAfA-t7Fck,
219,2026. 6. 1,업로드,숏폼,SC,밝혀지는 붉은 진실 #스타레일 #이상낙원,0:58,스타레일,스토리 중 히메코와 아삿 프라마드 대화 씬,https://youtube.com/shorts/CWaAOC7HoSY,
220,2026. 6. 1,업로드,숏폼,HC,답을 알아냈나 블레이드? #스타레일 #블레이드,0:53,스타레일,스토리 중 블레이드 각성 씬,https://youtube.com/shorts/anIKzMXVEEA,
221,2026. 6. 2,업로드,숏폼,HC,사펑 애니 재현한 레베카 영상 #명조 #레베카,0:32,명조,레베카 공명자 전투 모션,https://youtube.com/shorts/T3t3kMBCg-E,
222,2026. 6. 2,업로드,숏폼,DA,풋풋하던 시절의 히메코 #스타레일 #히메코,0:20,스타레일,히메코 어린 시절 모델링 분석,https://youtube.com/shorts/mVR7RpVBFas,
223,2026. 6. 2,업로드,숏폼,GI,액션쾌감! 시그리카 #명조 #시그리카,0:12,명조,시그리카 액션씬 모음,https://youtube.com/shorts/R1B7ajF2I_g,
224,2026. 6. 3,업로드,숏폼,HC,미브한테 잡히고 싶다 #엔드필드 #미브,0:46,엔드필드,미브 pv,https://youtube.com/shorts/aCTN7HlNSGU,
225,2026. 6. 3,업로드,숏폼,HC,혼자만 분위기가 다른 로엔 #원신 #로엔,0:57,원신,로엔 pv,https://youtube.com/shorts/jfuGzBVGNXE,
226,2026. 6. 3,업로드,숏폼,GI,개발팀이 공개한 에이메스와 시그리카의 다양한 표정 #명조 #에이메스 #시그리카,0:14,명조,개발팀 비하인드의 캐릭터 표정,https://youtube.com/shorts/bea8a75O6H8,
227,2026. 6. 4,업로드,숏폼,SC,님아 그 커피를 마시지 마오 #스타레일 #히메코,0:39,스타레일,히메코가 류스케에게 커피를 대접하는 장면,https://youtube.com/shorts/XnZRdlUyTrg,
228,2026. 6. 4,업로드,숏폼,HC,D20 굴려주세요 아삿 프라마드님 #스타레일 #이상낙원,0:58,스타레일,아삿프라마드 전투씬,https://youtube.com/shorts/Ebs9J8dWGkg,
229,2026. 6. 4,업로드,숏폼,GI,명조 일섭 2주년 축제 일러스트 #명조 ⁠2주년,0:19,명조,일본 서버 2주년 카운드 다운 일러 모음,https://youtube.com/shorts/UFdshufhpNQ,
230,2026. 6. 5,업로드,숏폼,GI,"벨리나, 노르마 전투 모션 공개! #젠존제 #벨리나 #노르마",0:39,젠존제,"로스캘리퍼 선공개 벨리나, 노르마",https://youtube.com/shorts/ut167CsspcU,
231,2026. 6. 5,업로드,숏폼,GI,피로이스 인게임 공개! #젠존제 #피로이스 #파에톤,0:48,젠존제,로스캘리퍼 선공개 피로이스,https://youtube.com/shorts/hhG5H1nAmzM,
232,2026. 6. 5,업로드,숏폼,HC,루시 전투 모션 애니메이션 #명조 #루시,0:27,명조,루시 공명자 전투 모션,https://youtube.com/shorts/fDCF3Phos7U,
233,2026. 6. 5,업로드,숏폼,HC,그건 사악한 방부였어... #젠존제 #노르마,0:17,젠존제,로스캘리퍼 선공개 노르마 장면,https://youtube.com/shorts/BCs39R7yO5U,
234,2026. 6. 5,업로드,숏폼,GI,미브 모션이 귀여운 이유 #엔드필드 #미브,0:28,엔드필드,미브 대기 모션 모음,https://youtube.com/shorts/BCS4UVI0VVs,
235,2026. 6. 6,업로드,숏폼,DA,명조 다음 지역 몽주 미리보기 #명조 #몽주,0:21,명조,다음 지역 몽주 분석,https://youtube.com/shorts/LDw2mpe8jrk,
236,2026. 6. 6,업로드,숏폼,HC,젠존제 3.0 PV 요약 #젠존제 #로스캘리퍼,0:35,젠존제,공방 pv 요약,https://youtube.com/shorts/SkW62gLmeZc,
237,2026. 6. 6,업로드,숏폼,GI,벨리나 스킨 '여유로운 실루엣' #젠존제 #벨리나,0:16,젠존제,벨리나 스킨 소개,https://youtube.com/shorts/7oqINzWZw3U,
238,2026. 6. 7,업로드,숏폼,HC,얼마나 콜라보에 진심인거야 #명조 #사이버펑크,0:31,명조,"루시, 레베카 pv",https://youtube.com/shorts/OAtJ5DLwiOU,
239,2026. 6. 8,업로드,숏폼,GI,엔드필드 아이돌 공식 유출? #엔드필드 #IGN,0:19,엔드필드,ign 영상 아이돌 장면,https://youtube.com/shorts/QC72cKIPpIE,
240,2026. 6. 8,업로드,숏폼,HC,러시안 룰렛 돌리는 로엔 #원신 #로엔,0:42,엔드필드,로엔 pv,https://youtube.com/shorts/aL3cP0NE1H8,
241,2026. 6. 8,업로드,숏폼,HC,루시 PTSD on #명조 #루시,0:44,명조,데이비드와 만난 루시,https://youtube.com/shorts/q06wCVEgxoo,
242,2026. 6. 8,업로드,숏폼,HC,데이비드.. 보고 싶었어 #명조 #루시,0:48,명조,마지막 클라이막스 씬,https://youtube.com/shorts/lm7fcPcrkEA,
243,2026. 6. 8,업로드,숏폼,HC,혼자 남은 루시 #명조 #루시,0:40,명조,루시 회상 씬,https://youtube.com/shorts/96tlX-9A5io,
244,2026. 6. 9,업로드,숏폼,GI,로스캘리퍼 pv 또 떴다! #젠존제 #로스캘리,0:36,젠존제,3.0 추가 pv,https://youtube.com/shorts/Snz3ttU2W3M,
245,2026. 6. 9,업로드,숏폼,SC,상대적 순한 맛 레베카 #명조 #레베카,0:24,명조,레베카 욕설 모음,https://youtube.com/shorts/NquBWaR8zXY,
246,2026. 6. 9,업로드,숏폼,SC,진짜 관리자 패는 미브 #엔드필드 #미브,0:25,엔드필드,미브가 관리자에게 대결을 거는 장면,https://youtube.com/shorts/rCsKaeWGLNE,
247,2026. 7. 9,업로드,롱폼 - 풀버전,N/A,[원신]이벤트 스토리 -「파도치는 암초」(6.5버전)(컷편집),2:12:08,원신,이벤스 컷편집,https://youtu.be/0h-1_HlJxq8,
248,2026. 6. 18,업로드,롱폼 - 풀버전,N/A,[명조][조수 임무] 제3장 에필로그 -「녹아내린 밤하늘 아래」(3.3버전)(컷편집),1:43:57,명조,메인스 컷편집,https://youtu.be/BSRnLcpqCtU,
249,2026. 7. 10,업로드,롱폼 - 풀버전,N/A,[원신][마신 임무] 공월의 노래 제9막 -「멸망 속에서 피어난 지혜」(6.6버전)(컷편집),2:11:21,원신,메인스 컷편집,https://youtu.be/1WroX8mqhwY,
250,2026. 7. 10,업로드,롱폼 - 풀버전,N/A,[원신][마신 임무] 공월의 노래 제10막 -「공허 겁회의 푸라나」(6.6버전)(컷편집),,원신,메인스 컷편집,https://youtu.be/3VFKewKw3iE,
251,2026. 6. 18,업로드,롱폼 - 풀버전,N/A,[스타레일] 개척 임무 5장 제4막  이상 낙원 - 「산 자의 망천에 잠겨」(4.3버전)(컷편집),3:18:06,스타레일,메인스 컷편집,https://youtu.be/Hw7Bsodlk74,
252,,보류/폐기,롱폼 - 풀버전,N/A,[원신]이벤트 스토리 -「상상 친구 모험기」(6.6버전)(컷편집),,원신,이벤스 컷편집,,
253,2026. 6. 18,업로드,롱폼 - 풀버전,N/A,[명조][이문 임무] 제3장 · 외전 「엣지 드림」(3.4버전)(컷편집),2:22:56,명조,콜라보 메인스 컷편집,https://youtu.be/FuY-ue45flI,
254,2026. 6. 10,업로드,숏폼,HC,혼자 영화 찍는 루실라 교장쌤 #명조 #루실라,0:32,명조,루실라 전투 모션 영상,https://youtube.com/shorts/E-bTWo7au5U,
255,2026. 6. 10,업로드,숏폼,GI,방부 버니스 비교 #젠존제 #버니스,0:36,젠존제,버니스 pv와 방부 쇼츠 비교,https://youtube.com/shorts/EVBfqCfMTMM,
256,,보류/폐기,롱폼 - 풀버전,N/A,"[엔드필드]미브 스토리 이벤트 - 「주먹, 부딪히는 마음」(1.3버전)(컷편집)",,엔드필드,이벤스 컷편집,,
257,2026. 6. 10,업로드,숏폼,HC,이거 보여주려고 어그로끌었다 #엔드필드 #미브 #장방이,0:36,엔드필드,미브 스토리 중 미브와 장방이 대련씬,https://youtube.com/shorts/4acyG4M3Nwo,
258,2026. 6. 11,업로드,숏폼,HC,루실라의 연애 상담 #명조 #루실라,0:50,명조,루실라 pv,https://youtube.com/shorts/2M2BLdQMvDQ,
259,2026. 6. 11,업로드,숏폼,HC,명조 최고 각선미 루실라 #명조 #루실라,0:37,명조,루실라 pv,https://youtube.com/shorts/NChx6I5Vd_0,
260,2026. 6. 11,업로드,숏폼,DA,시그리카 친구 다 어디감?? #명조 #시그리카,0:30,명조,시그리카 친구 밈,https://youtube.com/shorts/L2xCNC72rGc,
261,2026. 6. 12,업로드,숏폼,HC,우아함 그 자체인 벨리나 #젠존제 #벨리나,0:32,젠존제,벨리나 pv,https://youtube.com/shorts/CPvwK3LO37A,
262,2026. 6. 12,업로드,숏폼,HC,벨리나의 설탕 CF #젠존제 #벨리나,0:28,젠존제,벨리나 pv,https://youtube.com/shorts/r5IMP6G10Wc,
263,2026. 6. 12,업로드,숏폼,GI,벨리나 진짜 판매 불가 영상 #젠존제 #벨리나,0:17,젠존제,벨리나 공식 쇼츠 편집,https://youtube.com/shorts/89jiIBj9J7I,
264,2026. 6. 12,업로드,숏폼,GI,젠존제 더벤티 콜라보 공개! #젠존제 #콜라보,0:15,젠존제,더벤티 콜라보 정보,https://youtube.com/shorts/pnnXK356jng,
265,2026. 6. 13,업로드,숏폼,SC,최종 학력 유치원인 에이메스 #명조 #에이메스,0:52,명조,스토리 에이메스 일상 씬,https://youtube.com/shorts/-X253poqWQk,
266,2026. 6. 13,업로드,숏폼,SC,내가 검은 해안 빠뜨롱이여! #명조 #루실라,0:48,명조,스토리 알토 등장 씬,https://youtube.com/shorts/k0HRG7G8Bmk,
267,2026. 6. 13,업로드,숏폼,GI,신기한 루실라 스토리 연출 #명조 #루실라,0:33,명조,루실라 스토리 전용 기믹 연출,https://youtube.com/shorts/gENPYeshXrw,
268,2026. 6. 14,업로드,숏폼,SC,아카데미는 서비스 종료다... #명조 #루실라 #모니에,0:50,명조,스토리 중 아카데미를 둘러보는 장면,https://youtube.com/shorts/7BcAciQD7FY,
269,2026. 6. 14,업로드,숏폼,HC,굳건한 라하이 로이 정신 #명조 #루실라,0:56,명조,루실라 스토리 하이라이트 컷씬,https://youtube.com/shorts/JSbpHAqZP8I,
270,2026. 6. 15,업로드,숏폼,GI,양양 이격 포함 몽주 신캐 6명 공개! #명조 #몽주,0:29,명조,몽주 신규 캐릭터 대거 공개 영상,https://youtube.com/shorts/DYqCMaE2Ivs,
271,2026. 6. 15,업로드,숏폼,HC,산드로네 모닝 콜 해주는 콜롬비나 #원신 #산드로네 #콜롬비나,0:29,원신,산드로네 단편 애니,https://youtube.com/shorts/wAaPdn1AtjE,
272,2026. 6. 15,업로드,숏폼,HC,산드로네의 행복했던 기억 #원신 #산드로네,0:45,원신,산드로네 단편 애니,https://youtube.com/shorts/cYNUfrzvMYw,
273,2026. 6. 15,업로드,숏폼,GI,양양·현령 신규 모션 선공개 #명조 #양양,0:22,명조,명조 다음 버전 신규캐 모션 선공개,https://youtube.com/shorts/ZkFv_Uhsphc,
274,2026. 6. 15,업로드,숏폼,GI,수수 모션 공식 유출 #명조 #수수,0:19,명조,명조 다음 버전 신규캐 모션 선공개,https://youtube.com/shorts/C10LehBXoPA,
275,2026. 6. 16,업로드,숏폼,HC,방부들의 악몽 벨리나 #젠존제 #벨리나,0:41,젠존제,벨리나 pv,https://youtube.com/shorts/mXNUfZ7E7LE,
276,2026. 6. 16,업로드,숏폼,DA,루실라의 어린 시절 모습 #명조 #루실라,0:23,명조,루실라 어린 시절 모습 분석,https://youtube.com/shorts/lg_gNDshT3A,
277,2026. 6. 17,업로드,숏폼,SC,반려 동물 시시아와 로봇 청소기 빌리 #젠존제 #로스캘리퍼,0:44,젠존제,"시시아, 빌리, 벨리나 대화 씬",https://youtube.com/shorts/Q84tFri2Umc,
278,2026. 6. 17,업로드,숏폼,SC,시그리드 얘도 정상은 아니네 #젠존제 #시그리드,0:37,젠존제,시그리드 등장 씬,https://youtube.com/shorts/CcZ2j2YhrfQ,
279,2026. 6. 17,업로드,숏폼,HC,큰 썬브링어와 작은 썬브링어 #젠존제 #태양을가져온자,0:27,젠존제,썬브링어 등장 씬,https://youtube.com/shorts/Sf4hRleYJQc,
280,2026. 6. 17,업로드,숏폼,HC,피로이스 제어하고 싶제? #젠존제 #피로이스,0:42,젠존제,벨 각성 씬,https://youtube.com/shorts/cG33xbXnMdA,
281,2026. 6. 18,업로드,숏폼,HC,노르마 역대급 귀여움 #젠존제 #노르마,0:23,젠존제,노르마 카툰 컷씬,https://youtube.com/shorts/VUpBgzP_0oY,
282,2026. 6. 20,업로드,롱폼 - 풀버전,N/A,[젠레스 존 제로] 메인 스토리 시즌 3 제1장  -「꿈속을 헤매는 이의 고백」 (3.0버전)(컷편집),3:55:11,젠존제,메인스 컷편집,https://youtu.be/oSRhLqAWS9k,
283,2026. 6. 19,업로드,롱폼 - 풀버전,N/A,[명조][조수 임무] 제3장 · 에필로그 -「우리의 선택은 하늘」(3.4버전)(컷편집),1:47:28,명조,메인스 컷편집,https://youtu.be/fQ4oXg3clQo,
284,2026. 6. 18,업로드,숏폼,HC,섬세한 노르마 #젠존제 #노르마,0:29,젠존제,"벨, 노르마 도주 씬",https://youtube.com/shorts/Xbfdy2zX-8k,
285,2026. 6. 18,업로드,숏폼,GI,원신 달 맵 진짜에요?? #원신 #달,0:37,원신,공방 달 맵 공개,https://youtube.com/shorts/wTUqiziHxio,
286,2026. 6. 18,업로드,숏폼,GI,진짜 원신 슈팅 게임 #원신 #스네즈나야,0:20,원신,스네즈나야 pv tps 슈터 장면,https://youtube.com/shorts/GccJ2TldIII,
287,2026. 6. 18,업로드,숏폼,GI,시틀라리 잠옷 스킨 공개! #원신 #시틀라리,0:18,원신,시틀라리 스킨 공개,https://youtube.com/shorts/JYyWsaH_c88,
288,2026. 6. 18,업로드,숏폼,GI,샤를로트 탐정 스킨 공개! #원신 #샤를로트,0:16,원신,샤를로트 스킨 공개,https://youtube.com/shorts/hIvUbnTYlBE,
289,2026. 6. 19,업로드,숏폼,HC,나도 레미엘 날개에 파묻힐래 #젠존제 #레미엘,0:15,젠존제,레미엘 컷씬,https://youtube.com/shorts/Ht_b66fr0lQ,
290,2026. 6. 19,업로드,숏폼,GI,로스캘리퍼 방부 합창단 #젠존제 #로스캘리퍼,0:38,젠존제,방부들이 노래 부르는 디테일 요소,https://youtube.com/shorts/kiuXJ2oTQTg,
291,2026. 6. 19,업로드,숏폼,GI,"루실라 스토리 후일담, 업적 #명조 #루실라",0:25,명조,루실라 스토리 후일담과 업적 정리,https://youtube.com/shorts/XIlye3h2r74,
292,2026. 6. 20,업로드,숏폼,GI,IGN 선공개! 레미엘 모션 #젠존제 #레미엘,0:37,젠존제,ign 레미엘 댄 모션 공개,https://youtube.com/shorts/xxT5NUGLTO8,
293,2026. 6. 20,업로드,숏폼,GI,레미엘 댄 곧 출시! #젠존제 #레미엘,0:19,젠존제,레미엘 성우 공개 쇼츠,https://youtube.com/shorts/S_xCDO0lSSQ,
294,2026. 6. 20,업로드,숏폼,GI,명조 월드 투어 애니메이션 #명조 #명조2026월드투어,0:56,"젠존제, 명조",명조 월드 투어 예고 애니메이션 뮤비,https://youtube.com/shorts/46xEW7Ol2DU,
295,2026. 6. 20,업로드,숏폼,GI,시그리드 곧 출시! #젠존제 #시그리드,0:16,젠존제,시그리드 성우 공개 쇼츠,https://youtube.com/shorts/ccGYCXEA9J8,
296,2026. 6. 20,업로드,숏폼,GI,시시아는 모든 게 신기해요 #젠존제 #시시아,0:17,젠존제,3.0 스토리 초반 시시아 모습,https://youtube.com/shorts/DRimrXZfv3Q,
297,2026. 6. 21,업로드,숏폼,GI,상습무례 시시아 #젠존제 #시시아,0:23,젠존제,시시아와 공허 사냥꾼 관련 장면,https://youtube.com/shorts/eTgAjMjtvsA,
298,2026. 6. 22,업로드,숏폼,HC,붕괴 넥서스 아니마 신규 PV 떴다! #붕괴 #넥서스아니마,0:23,기타,넥서스 아니마 신규 pv,https://youtube.com/shorts/paYj88HZ0yk,
299,2026. 6. 23,업로드,숏폼,GI,로스캘리퍼 메이드짱 #젠존제 #로스캘리퍼,0:17,젠존제,로스캘리퍼 npc 탐구,https://youtube.com/shorts/-gs24ROkc28,
300,2026. 6. 23,업로드,숏폼,GI,유독 표현이 풍부한 3.4스토리 #명조,0:20,명조,3.4 스토리 표정 모음,https://youtube.com/shorts/UDRMMiAWWs0,
301,2026. 6. 23,업로드,숏폼,GI,방부 괴롭히기 #젠존제 #방부,0:25,젠존제,로스캘리퍼 방부 기믹,https://youtube.com/shorts/Cb14p4j2nJU,
302,2026. 6. 24,업로드,숏폼,GI,스타토치 유사 졸업식 #명조 #스타토치,0:15,명조,졸업식 영상 분석,https://youtube.com/shorts/EH57r8pYB9s,
303,2026. 6. 24,업로드,숏폼,GI,젠존제 노르마 특징 #젠존제 #노르마,0:15,젠존제,노르마 도라에몽 오마주,https://youtube.com/shorts/3CJ7U1cSTJU,
304,2026. 6. 25,업로드,숏폼,HC,산드로네 이쁜 거 봐 진짜 #원신 #산드로네,0:37,원신,산드로네 pv,https://youtube.com/shorts/S7nXoIvEV2Y,
305,2026. 6. 25,업로드,숏폼,HC,적혈조술 쓰는 카뮤 #엔드필드 #카뮤,0:38,엔드필드,카뮤 pv,https://youtube.com/shorts/MRCIIssfHoM,
306,2026. 6. 25,업로드,숏폼,GI,이젠 완전 애니메이션 회사 #명조 #애니메이션,0:15,명조,명조 3버전 애니메이션 모음,https://youtube.com/shorts/gut2xd0gAQc,
307,2026. 6. 26,업로드,숏폼,GI,스네즈나야 캐릭터 대거 공개! #원신 #스네즈나야,0:29,원신,스네즈나야 pv 신규캐 정리,https://youtube.com/shorts/IemAtR6Z_pc,
308,2026. 6. 26,업로드,숏폼,HC,아삿 프라마드의 유일한 거짓말 #스타레일 #아삿프라마드,0:29,스타레일,아삿 프라마드 과거,https://youtube.com/shorts/uz5cWm64tE4,
309,2026. 6. 26,업로드,숏폼,HC,천리에 맞서는 얼음 여왕 #원신 #스네즈나야,0:23,원신,스네즈나야 pv 얼음 여왕 장면,https://youtube.com/shorts/Y2DF0jG3lak,
310,2026. 6. 26,업로드,숏폼,HC,몽주 PV 공개! #명조 #몽주,0:24,명조,몽주 pv 정리,https://youtube.com/shorts/z8WOrPYd9cA,
311,2026. 6. 26,업로드,숏폼,GI,수수 매력어필 #명조 #수수,0:14,명조,공방 수수 등장 장면,https://youtube.com/shorts/B3Mof8TRBCU,
312,2026. 6. 26,업로드,숏폼,GI,시원하게 입은 린네 스킨 출시! #명조 #린네,0:15,명조,린네 스킨 공개,https://youtube.com/shorts/fmYXphh65C0,
313,2026. 6. 26,업로드,숏폼,GI,상큼한 치사 스킨 출시! #명조 #치사,0:12,명조,치사 스킨 공개,https://youtube.com/shorts/hF-QGvAIbqY,
314,2026. 6. 26,업로드,숏폼,GI,양양•현령 가챠 연출 #명조 #양양,0:19,명조,양양 이격 가챠 모션,https://youtube.com/shorts/kFh9T8z01hs,
315,2026. 6. 26,업로드,숏폼,GI,수수 가챠 연출 #명조 #수수,0:19,명조,수수 가챠 모션,https://youtube.com/shorts/bFTwpVtCZJw,
316,2026. 6. 27,업로드,숏폼,SC,벨리나의 유일한 약점 #젠존제 #벨리나,0:46,젠존제,벨리나 약점 신뢰도 스토리,https://youtube.com/shorts/7roVFtVtp2E,
317,2026. 6. 28,업로드,숏폼,GI,카뮤님 박쥐세요? #엔드필드 #카뮤,0:14,엔드필드,카뮤 쇼츠 애니,https://youtube.com/shorts/4xe_SbXOkLo,
318,2026. 6. 28,업로드,숏폼,GI,브금 연출마저 오마주한 사펑 콜라보 #명조 #엣지러너,0:32,명조,명조 사펑 콜라보 연출 비교,https://youtube.com/shorts/VSqqXyLBNYI,
319,2026. 6. 29,업로드,숏폼,DA,단근 극적인 부활! #명조 #단근,0:34,명조,단근 비중 분석,https://youtube.com/shorts/lNVSf3cFeEc,
320,2026. 6. 29,업로드,숏폼,GI,이번 픽업 특징 #원신 #로잘린,0:21,원신,6.7 픽업 밈,https://youtube.com/shorts/bMq2xriGmbk,
321,2026. 6. 30,업로드,숏폼,GI,명조 월드 투어 일러스트 모음 #명조 #월드투어,0:24,명조,월드 투어 공식 일러 모음,https://youtube.com/shorts/fdMJDZObkJU,
322,2026. 6. 30,업로드,숏폼,HC,산드로네 만들기 #원신 #산드로네,0:35,원신,산드로네 pv,https://youtube.com/shorts/LYt8P5PEW5o,
323,2026. 6. 30,업로드,숏폼,HC,산드로네의 새로운 파트너 #원신 #산드로네,0:29,원신,산드로네 pv 전투씬,https://youtube.com/shorts/vzMC86AQQhI,
324,2026. 6. 30,업로드,숏폼,GI,로빈 스킨이 아니라 이격이요?? #스타레일 #로빈,0:16,스타레일,로빈 이격 공개,https://youtube.com/shorts/EgoAqw8vR3Q,
325,2026. 6. 30,업로드,숏폼,GI,수영복 입고 돌아온 츄햄 #스타레일 #어벤츄린,0:13,스타레일,어벤츄린 이격 공개,https://youtube.com/shorts/VjnnDU-z9fo,
326,2026. 7. 1,업로드,숏폼,GI,토끼굴의 다음 이격은? #젠존제 #니콜,0:12,젠존제,교활한 토끼굴 다음 이격캐 예상,https://youtube.com/shorts/AzQIpYPdokQ,
327,2026. 7. 2,업로드,숏폼,SC,선빵 필승을 깨우친 콜롬비나 #원신 #콜롬비나,0:35,원신,스토리  콜롬비나 씬,https://youtube.com/shorts/HdmMWxQfttQ,
328,2026. 7. 2,업로드,숏폼,SC,시틀라리 모션 뭐예요? #원신 #시틀라리,0:35,원신,스토리 시틀라리 등장 씬,https://youtube.com/shorts/7OljjRR_0xs,
329,2026. 7. 2,업로드,숏폼,SC,산드로네ㅋ 공주님ㅋ #원신 #산드로네,0:39,원신,스토리 산드로네 놀리는 장면,https://youtube.com/shorts/vglEuTORuBc,
330,2026. 7. 2,업로드,숏폼,HC,내면을 받아들인 산드로네 #원신 #산드로네,0:39,원신,스토리 산드로네 2d 컷씬,https://youtube.com/shorts/pKUXYuOnKU0,
331,2026. 7. 3,업로드,숏폼,SC,산드로네 질투하는 할머니 #원신 #시틀라리,0:31,원신,스토리 시틀라리 질투 씬,https://youtube.com/shorts/R4nPbUtS_Js,
332,2026. 7. 7,업로드,숏폼,SC,고죠 산드루의 술식 반전,0:23,원신,"스토리 산드로네 전투 컷씬과 일부 대화, 주술회전 패러디",https://youtube.com/shorts/ssb-grf7tHA,
333,2026. 7. 4,업로드,숏폼,SC,두 사람의 재회 #원신 #콜롬비나 #산드로네,0:39,원신,스토리 산드로네 콜롬비나 재회 씬,https://youtube.com/shorts/ApHhqw7sw84,
334,2026. 7. 7,업로드,숏폼,SC,짜증 나! 콜 롬 비 나 !!! #원신 #콜롬비나 #산드로네,0:37,원신,스토리 산드로네 콜롬비나가 티격태격하는 씬,https://youtube.com/shorts/skrouO4gjTQ,
335,2026. 7. 3,업로드,숏폼,GI,오데트 공개됐는데... #원신 #오데트,0:15,원신,오데트 공개 정보와 유라 비교,https://youtube.com/shorts/vhHfuQKvqrY,
336,2026. 7. 3,업로드,숏폼,HC,노르마의 '방부발견!' #젠존제 #노르마,0:25,젠존제,노르마 pv,https://youtube.com/shorts/cZEY1HSNB1E,
337,2026. 7. 3,업로드,숏폼,GI,겨울 사냥꾼 알료샤 #원신 #알료샤,0:13,원신,알료샤 공개 정보,https://youtube.com/shorts/XTGehtBZmg0,
338,2026. 7. 3,업로드,숏폼,HC,으아아아 히메코 메카 등장!! #스타레일 #히메코,0:22,스타레일,4.4 pv 히메코 노바 메카 씬,https://youtube.com/shorts/d2iDkTannok,
339,2026. 7. 3,업로드,숏폼,GI,파이논 재등장(진짜임) #스타레일 #파이논,0:18,스타레일,4.4 콜라보 pv 요약,https://youtube.com/shorts/2vWwI6JJTSk,
340,2026. 7. 7,업로드,숏폼,GI,4.4버전 4.5버전 분위기 차이 #스타레일 #히메코 #로빈,0:10,스타레일,4.4의 암울한 분위기와 4.5의 휴양지 분위기 비교,https://youtube.com/shorts/t90lBKZi0IE,
341,2026. 7. 4,업로드,숏폼,SC,진짜 아빠와 딸이잖아.. #스타레일 #히메코,0:34,스타레일,4.4 공식방송 아삿 프라마드 과거 회상,https://youtube.com/shorts/3dPvYeY0J3U,
342,2026. 7. 3,업로드,숏폼,GI,스파키의 신규 코스튬! #스타레일 #스파키,0:22,스타레일,4.4 공식방송 스파키 신규 코스튬 공개,https://youtube.com/shorts/UcQNl4PUSEs,
343,2026. 7. 3,업로드,숏폼,GI,히메코 설마? 아니지? #스타레일 #히메코,0:28,스타레일,4.4 pv 히메코 장면과 붕괴 서드 비교,https://youtube.com/shorts/gluZnSW6jBo,
344,2026. 9. 18,업로드,롱폼 - 풀버전,N/A,[원신]공월의 노래•해학곡 - 「여름! 귀향? 폰티날리아 축제!」(6.7버전)(컷편집),2:52:41,원신,「여름! 귀향? 폰티날리아 축제!」이벤트 스토리 풀버전,https://youtu.be/OmRa95rgBM0,
345,2026. 7. 4,업로드,숏폼,HC,치사와 린네의 여름 방학 #명조 #린네 #치사,0:27,명조,"치사, 린네 코스튬 pv",https://youtube.com/shorts/4z6RtbaEWBA,
346,2026. 7. 5,업로드,숏폼,GI,원신 TRPG 일러스트 모음 #원신 #테이블극단,0:21,원신,테이블 극단 캐릭터 일러스트 모음,https://youtube.com/shorts/2mIC9YEJBus,
347,2026. 7. 5,업로드,숏폼,GI,레미엘 스킨 예고? #젠존제 #레미엘,0:15,젠존제,2주년 일러스트 레미엘 모습 분석,https://youtube.com/shorts/HxKr-oI8KG4,
348,2026. 7. 6,업로드,숏폼,HC,돌아온 정실 양양 #명조 #양양,0:32,명조,양양 현령 전투 모션 pv,https://youtube.com/shorts/CHBaHrbbtUk,
349,2026. 7. 6,업로드,숏폼,HC,미국 애니 감성의 노르마 댄스 #젠존제 #노르마,0:27,젠존제,노르마 ep,https://youtube.com/shorts/Ty8aX4XnnJk,
350,2026. 7. 6,업로드,숏폼,GI,금주 멸망 #명조 #양양,0:20,명조,"양양 현령 전투 모션 pv, 금주 장면 편집",https://youtube.com/shorts/DeVariicvNI,
351,2026. 7. 8,업로드,숏폼,HC,방랑자가 없는 세계선? #명조 #양양,0:42,명조,양양 현령 pv,https://youtube.com/shorts/649eT9Xgn5c,
352,2026. 7. 8,업로드,숏폼,HC,머릿속의 기가 히메코 #스타레일 #히메코,0:40,스타레일,히메코 즉흥 순회공연 PV,https://youtube.com/shorts/bExvh9NiSvI,
353,2026. 7. 8,업로드,숏폼,HC,양양의 과거 #명조 #양양,0:43,명조,양양 현령 pv,https://youtube.com/shorts/cskr9N0Pp6k,
354,2026. 7. 9,업로드,숏폼,HC,넥서스 아니마 첫 캐릭터 PV! #넥서스아니마 #나나페이,0:37,기타,나나페이 pv,https://youtube.com/shorts/EO8iOLuecQg,
355,2026. 7. 9,업로드,숏폼,SC,딸바보 아삿 프라마드 #스타레일 #히메코,0:17,스타레일,히메코 노바 은하탐구생활의 아삿 프라마드 장면,https://youtube.com/shorts/GJXmClmNBeI,
356,2026. 7. 9,업로드,숏폼,GI,블레이드는 항상 진지했어 #넥서스아니마 #블레이드,0:18,기타,넥서스 아니마 블레이드 컷씬,https://youtube.com/shorts/2aaVkgXHQQM,
357,2026. 7. 10,업로드,숏폼,SC,졸업 축하해! 방랑자 #명조 #라하이로이,0:39,명조,3.5 스토리 스타토치 떠나는 장면,https://youtube.com/shorts/7SQFI7zAbqQ,
358,2026. 7. 10,업로드,숏폼,GI,자연 딜러 결 출시! #엔드필드 #결,0:26,엔드필드,1.4 pv 결,https://youtube.com/shorts/bRYtB511hH0,
359,2026. 7. 10,업로드,숏폼,GI,미소녀 메카 아이돌? 리노 출시 #엔드필드 #리노,0:23,엔드필드,1.4 pv 리노,https://youtube.com/shorts/VxnV1KYaet4,
360,2026. 7. 10,업로드,숏폼,GI,드디어 기어나온 밍순이 #엔드필드 #사,0:18,엔드필드,1.4 공방 사 등장 씬,https://youtube.com/shorts/CqvSMgKkjD4,
361,2026. 7. 11,업로드,숏폼,GI,"결, 리노 잠재 일러 #엔드필드 #결 #리노",0:16,엔드필드,pv 결과 리노 잠재 일러 모음,https://youtube.com/shorts/hSny97jU6DM,
362,2026. 7. 11,업로드,숏폼,GI,모르겠고 리노 공연할게~! #엔드필드 #리노,0:37,엔드필드,공방 리노 스토리 컷씬,https://youtube.com/shorts/1swEa4ZHZuQ,
363,2026. 7. 11,업로드,숏폼,GI,차후 버전 신규 오퍼 미리보기 #엔드필드 #사 #티폰,0:23,엔드필드,공방 차후 버전 예고,https://youtube.com/shorts/rH7ZYFihuhQ,
364,2026. 7. 15,업로드,롱폼 - 풀버전,N/A,"[명조][조수 임무] 제4장 · 제1막 -「산비가 내리기 전, 누각을 채운 거센 바람」(3.5버전)(컷편집)",2:21:27,명조,제4장 · 제1막 스토리 풀버전,https://youtu.be/_aqACQKf3mQ,
365,2026. 7. 15,업로드,롱폼 - 풀버전,N/A,"[명조][조수 임무] 제4장 · 제2막 -「골짜기를 뒤흔든 현령, 잠잠해진 물결」(3.5버전)(컷편집)",2:03:09,명조,제4장 · 제2막 스토리 풀버전,https://youtu.be/nAQOacc-BtQ,
366,2026. 7. 15,업로드,롱폼 - 풀버전,N/A,"[명조][조수 임무] 제4장 · 에필로그 -「신비로운 선율의 서약, 아득히 이어진 인연」+ 후일담 (3.5버전)(컷편집)",21:32,명조,제4장 · 에필로그 스토리 풀버전,https://youtu.be/yHXRan1ydd4,
367,2026. 7. 12,업로드,숏폼,SC,양양 가지고 노는 수수 #명조 #수수,0:36,명조,3.5 스토리 양양 수수 재회,https://youtube.com/shorts/-OuOqg1OxpA,
368,2026. 7. 12,업로드,숏폼,HC,단편 애니 역대급 전투 씬 #스타레일 #히메코,0:33,스타레일,히메코 단편 애니,https://youtube.com/shorts/NLY852ZBUnE,
369,2026. 7. 12,업로드,숏폼,GI,선데이와 로빈의 환타 광고 #스타레일 #로빈 #선데이,0:25,스타레일,중섭 스타레일 환타 광고,https://youtube.com/shorts/jD_Ni607xgU,
370,2026. 7. 13,업로드,숏폼,SC,양양의 정실 어필 #명조 #양양,0:37,명조,3.5 스토리 방랑자 양양 재회,https://youtube.com/shorts/cDp_UysugHg,
371,2026. 7. 13,업로드,숏폼,GI,양양님 무서워요.. #명조 #양양,0:14,명조,양양 선약 방송국 대사,https://youtube.com/shorts/-1P1s5M7xz0,
372,2026. 7. 14,업로드,숏폼,HC,죽더라도 별하늘과 더 가까운 곳에서 죽겠어! #스타레일 #히메코,0:41,스타레일,히메코 pv,https://youtube.com/shorts/hpRlPc2GJRo,
373,2026. 7. 14,업로드,숏폼,HC,항법사 히메코는 은하열차를 떠납니다.. #스타레일 #히메코,0:33,스타레일,히메코 pv,https://youtube.com/shorts/I6E0NLyj9bk,
374,2026. 7. 14,업로드,숏폼,SC,양양의 자리를 노리는 수수 #명조 #수수,0:38,명조,3.5 방랑자 수수 대화씬,https://youtube.com/shorts/ifL0HK4tlVs,
375,2026. 7. 15,업로드,숏폼,HC,청초 여신 강림 #명조 #청초,0:20,명조,3.5 청초 등장 컷씬,https://youtube.com/shorts/48UqiKLka2E,
376,2026. 7. 15,업로드,숏폼,HC,1버전 정실로 돌아갈 때다#명조 #양양,0:23,명조,3.5 하이라이트 양양 컷씬,https://youtube.com/shorts/5X4dSynWSuo,
377,2026. 7. 15,업로드,숏폼,SC,냅다 프러포즈 박는 양양 #명조 #양양,0:31,명조,3.5 에필로그 양양 씬,https://youtube.com/shorts/l1p8YAtszBY,
378,2026. 7. 15,업로드,숏폼,GI,명조 3.5버전 후일담 및 업적 #명조 #몽주,0:23,명조,3.5 후일담 정리,https://youtube.com/shorts/9eLf_Lk_d4w,
379,2026. 7. 15,업로드,숏폼,HC,지연이가 더 친숙한 결 #엔드필드 #결,0:34,엔드필드,결 pv 편집,https://youtube.com/shorts/zvMCRW3_mjw,
380,2026. 7. 16,업로드,롱폼 - 풀버전,N/A,"[스타레일] 개척 임무 5장 제5막  이상 낙원 - 「적막이 깃든 순간, 울리는 경적」(4.4버전)(컷편집)",,스타레일,4.4 메인 스토리 풀버전,https://youtu.be/MKGK9_rhT4k,
381,2026. 7. 15,업로드,숏폼,SC,아삿 프라마드의 연애 경험 #스타레일 #아삿프라마드,0:46,스타레일,4.4 스토리 아삿 프라마드 개그씬,https://youtube.com/shorts/5K3r1p0BxhU,
382,2026. 7. 16,업로드,숏폼,GI,아삿 프라마드 환락 모먼트 #스타레일 #아삿프라마드,0:42,스타레일,4.4 아삿 프라마드 장면 모음,https://youtube.com/shorts/iIWbLxuPRWI,
383,2026. 7. 15,업로드,숏폼,SC,히메코의 마지막 소원 #스타레일 #히메코,0:42,스타레일,4.4 히메코 희생,https://youtube.com/shorts/vpqW2Mq_F-E,
384,2026. 7. 15,업로드,숏폼,HC,은하열차 항법사는 히메코 뿐이야! #스타레일 #히메코,0:39,스타레일,4.4 히메코 열차팀 각성,https://youtube.com/shorts/kmQActtagus,
385,2026. 7. 15,업로드,숏폼,HC,선배님 앞에서 열차 신조 외치기! #스타레일 #히메코,0:39,스타레일,4.4 아삿 프라마드 처치,https://youtube.com/shorts/89dwcglPMps,
386,2026. 7. 16,업로드,숏폼,GI,결 가챠 모션 #엔드필드 #결,0:22,엔드필드,결 여러 모션 모음,https://youtube.com/shorts/-DaQJJY19BU,
387,2026. 7. 16,업로드,숏폼,HC,사(밍순이) 등장! #엔드필드 #사,0:25,엔드필드,1.4 사 등장씬,https://youtube.com/shorts/NSgzLF59Q88,
388,2026. 7. 17,업로드,숏폼,SC,츤츤츤츤데레 '사' #엔드필드 #사,0:40,엔드필드,1.4 사 대화 장면,https://youtube.com/shorts/5Il_tzCcyEI,
389,2026. 7. 19,업로드,숏폼,GI,젠존제 3.1 pv 분석#젠존제 #로스캘리퍼,0:50,젠존제,,https://youtube.com/shorts/QZCE-cyYuOc,
390,2026. 7. 18,업로드,숏폼,GI,레미엘과 댄스 타임 #젠존제 #레미엘,0:16,젠존제,3.1 pv 레미엘 무도회 씬,https://youtube.com/shorts/Geb-lle-vgs,
391,2026. 7. 18,업로드,숏폼,GI,"린드베른, 클라렛 등장! #젠존제 #린드베른 #클라렛",0:19,젠존제,"3.1 pv, 공방 린드베른과 클라렛 장면",https://youtube.com/shorts/ZOpO6gfELnA,
392,2026. 7. 17,업로드,숏폼,GI,레미엘 스킨이 2개라고요? #젠존제 #레미엘,0:25,젠존제,레미엘 스킨 공개,https://youtube.com/shorts/RLuDtcOeOjs,
393,2026. 7. 17,업로드,숏폼,GI,루시와 시그리드 수영복 스킨 공개 #젠존제 #시그리드,0:16,젠존제,"시그리드, 루시 스킨 공개",https://youtube.com/shorts/SvlGmkqTl5M,
394,2026. 7. 17,업로드,숏폼,HC,젠존제 피자 콜라보 애니 #젠존제 #콜라보,0:27,젠존제,젠존제 반올림 피자 콜라보 애니메이션,https://youtube.com/shorts/Sm8lAQnade0,
395,2026. 7. 17,업로드,숏폼,GI,젠레스 존 제로 x 스타레일 콜라보 확정! #젠존제 #스타레일,0:14,젠존제,3.1 공방 스타레일 콜라보 확정,https://youtube.com/shorts/2qYfwsMi5io,
396,2026. 7. 18,업로드,숏폼,HC,젠존제 2주년 주제곡 뮤비 #젠존제 #2주년,0:32,젠존제,2주년 뮤비,https://youtube.com/shorts/K0928CUJUB8,
397,2026. 7. 18,업로드,숏폼,GI,레미엘의 천재적인 그림 실력 #젠존제 #레미엘,0:23,젠존제,레미엘 웹 이벤트,https://youtube.com/shorts/Fed72hQGtAM,
398,2026. 7. 18,업로드,숏폼,GI,명조 애니메이션 제작 확정! #명조 #엘리시움,0:31,명조,명조 애니메이션 공개,https://youtube.com/shorts/GHtxPtJRqD4,
399,2026. 7. 20,업로드,숏폼,GI,명조 3.5 뉴페이스 모음 #명조 #몽주,0:17,명조,3.5 버전 신규 캐릭터 모음,https://youtube.com/shorts/cEHavcnIK0A,
400,2026. 7. 21,업로드,숏폼,GI,젠존제 호요페어 온천 일러스트 #젠존제 #2주년,0:15,젠존제,호요페어 기념 일러스트,https://youtube.com/shorts/I4ug_h56DTc,
401,2026. 7. 21,업로드,숏폼,SC,척자 빼앗긴 스파키 #스타레일 #스파키,0:32,스타레일,린 은탐생 스파키 장면,https://youtube.com/shorts/5feGA0o84P0,
402,2026. 7. 22,업로드,숏폼,GI,호요페어 꼬맹이들 일러스트 #젠존제 #2주년,0:16,젠존제,호요페어 기념 일러스트,https://youtube.com/shorts/NN9OofKybtw,
403,2026. 7. 22,업로드,숏폼,GI,결의 모션이 최고인 이유 #엔드필드 #결,0:14,엔드필드,결 대기 모션,https://youtube.com/shorts/JMh-FlDQDZk,
404,2026. 7. 23,업로드,숏폼,GI,콜라보에서 열일하는 카스토리스 #스타레일 #카스토리스,0:16,스타레일,페이트 pv,https://youtube.com/shorts/i6rrzP0QFfE,
405,2026. 7. 23,업로드,숏폼,HC,페이트 콜라보 PV 공개! #스타레일 #페이트,0:33,스타레일,페이트 pv,https://youtube.com/shorts/9j1K-rGdFAQ,
406,2026. 7. 24,업로드,숏폼,GI,페이트 콜라보는 앰포리어스 어게인이다 #스타레일 #앰포리어스,0:16,스타레일,페이트 콜바로 앰포리어스 요소 정리,https://youtube.com/shorts/2btuGc0lshc,
407,2026. 7. 24,업로드,숏폼,HC,레미엘 vs 선브링어 전투씬 #젠존제 #레미엘,0:44,젠존제,레미엘 pv,https://youtube.com/shorts/s5Xtxpr2ung,
408,2026. 7. 24,업로드,숏폼,GI,그래서 두 분 무슨 일 있었던 건데요 #젠존제 #레미엘,0:39,젠존제,레미엘 pv,https://youtube.com/shorts/zCqfDzEt4To,
409,2026. 7. 25,업로드,숏폼,SC,스파클클님 한판 해요 #스타레일 #카스토리스,0:34,스타레일,콜라보 스토리 카스토리스 씬,https://youtube.com/shorts/eOj6c6Z76gY,
410,2026. 7. 25,업로드,숏폼,SC,수치사 직전인 카스토리스 #스타레일 #카스토리스,0:33,스타레일,콜라보 스토리 카스토리스 씬,https://youtube.com/shorts/cStajxX0aoo,
411,2026. 7. 26,업로드,숏폼,HC,"우아함의 형상화, 수수 #명조 #수수",0:27,명조,수수 공명자 전투 모션,https://youtube.com/shorts/_0dK8n-huVU,
412,2026. 7. 26,업로드,숏폼,HC,레미엘과 바이크 대령 #젠존제 #레미엘,0:46,젠존제,레미엘 단편 애니,https://youtube.com/shorts/9arL_Iz384k,
413,2026. 7. 26,업로드,숏폼,HC,레미엘 댄의 과거 #젠존제 #레미엘,0:49,젠존제,레미엘 단편 애니,https://youtube.com/shorts/bm-Lj-4Ju38,
414,2026. 7. 26,업로드,숏폼,GI,뒤에서 그만 찔러 #스타레일 #페이트,0:21,스타레일,페이트 콜라보 등 찌르는 씬 비교,https://youtube.com/shorts/uPZ_XuFgiI4,
415,2026. 7. 27,업로드,숏폼,HC,와이즈 너는 세금 더 내라 #젠존제 #레미엘,0:26,젠존제,레미엘 ep,https://youtube.com/shorts/FF-TTnEGw1o,
416,2026. 7. 27,업로드,숏폼,HC,레미엘과 벨의 탱고 댄스 #젠존제 #레미엘,0:29,젠존제,레미엘 ep,https://youtube.com/shorts/kIu_Mw9pH3A,
417,2026. 7. 27,업로드,숏폼,HC,두 가지 매력의 레미엘 #젠존제 #레미엘,0:31,젠존제,레미엘 ep,https://youtube.com/shorts/YrA1aBPNdBQ,
418,2026. 7. 28,업로드,숏폼,SC,기존쌔 천재들 #스타레일 #헤르타,0:45,스타레일,"페이트 스토리 헤르타, 레이시오 등장 씬",https://youtube.com/shorts/qvoo2bkKFOg,
419,2026. 7. 28,업로드,숏폼,HC,시켜줘 수수 명예소방관 #명조 #수수,0:37,명조,수수 pv,https://youtube.com/shorts/fQ9INM9Zhco,
420,2026. 7. 28,업로드,숏폼,HC,양양 밖에 모르는 수수 #명조 #수수,0:33,명조,수수 pv,https://youtube.com/shorts/PKiPkQlCbXk,
421,2026. 7. 29,업로드,숏폼,GI,레미엘 픽업 모션 #젠존제 #레미엘,0:28,젠존제,"레미엘 전용 모션, 가챠 모션",https://youtube.com/shorts/DtBL--vC440,
422,2026. 7. 29,업로드,숏폼,HC,꽁트 찍는 시그리드와 클라렛 #젠존제 #시그리드 #클라렛,0:44,젠존제,"스토리 시그리드, 클라렛 컷씬",https://youtube.com/shorts/hqK-1HTKLO4,
423,2026. 7. 29,업로드,숏폼,HC,젠존제 역대급 공중 전투씬 #젠존제 #레미엘,0:30,젠존제,레미엘 공중전 하이라이트,https://youtube.com/shorts/gTdQnYd5fGQ,
424,2026. 7. 29,업로드,숏폼,HC,레미엘 깃털 다 뽑아 버릴 거야! #젠존제 #레미엘,0:35,젠존제,레이멜 무도회 컷씬,https://youtube.com/shorts/hGDI9gZ1k0o,
425,2026. 7. 30,업로드,숏폼,SC,엄청 쉬운 츤데레 클라렛 #젠존제 #클라렛,0:49,젠존제,클라렛 등장씬,https://youtube.com/shorts/TMePk1Tc-KY,
426,2026. 7. 30,업로드,숏폼,HC,왜 그렇게 까지 하는 거야 벨 #젠존제 #레미엘,0:29,젠존제,"벨, 레미엘 컷씬",https://youtube.com/shorts/zfB1g3aFYJw,
427,2026. 7. 31,업로드,숏폼,GI,오데트 전투 모션 #원신 #오데트,0:27,원신,오데트 전투 모션 장면,https://youtube.com/shorts/RzCyXj7AtNg,
428,2026. 7. 31,업로드,숏폼,HC,죽음의 집정관 로노바 등장! #원신 #로노바,0:24,원신,pv 로노바 장면,https://youtube.com/shorts/ZsW_jWy1jvU,
429,2026. 7. 31,업로드,숏폼,GI,얼음 여왕과 스네즈나야 캐릭터 모델링 #원신 #스네즈나야,0:30,원신,pv 스네즈나야 캐릭터 모음,https://youtube.com/shorts/W11SSP9Yg2w,
430,2026. 8. 1,업로드,숏폼,GI,레미엘 거처 둘러보기 #젠존제 #레미엘,0:35,젠존제,레미엘 집 둘러보기,https://youtube.com/shorts/sOcUoOWQKqg,
431,2026. 8. 1,업로드,숏폼,GI,악역은.. 익숙하니까..  #젠존제 #레미엘,0:38,젠존제,"레미엘을 구해주는 벨, 피로이스 여담",https://youtube.com/shorts/Xkd5Kv0pzi8,
432,2026. 8. 2,업로드,숏폼,SC,인간미 넘치는 초대 공허 사냥꾼들 #젠존제 #레미엘,0:34,젠존제,초대 공허 사냥꾼 장면,https://youtube.com/shorts/RwdcsQG6IZY,
433,2026. 8. 2,업로드,숏폼,SC,앰포리어스 바깥 생활을 즐기는 카스토리스 #스타레일 #카스토리스,0:48,스타레일,"카스토리스, 폴리시아 등장 장면",https://youtube.com/shorts/nF82wrV7r7E,
434,2026. 8. 3,업로드,숏폼,GI,젠존제식 성우 추리법 #젠존제 #세르피코,0:24,젠존제,세르피코 씬과 성우 관련 여담,https://youtube.com/shorts/HXF3kZfhcOM,
435,2026. 8. 3,업로드,숏폼,SC,오랜만에 보는 파이논 #스타레일 #파이논,0:35,스타레일,파이논 등장 씬,https://youtube.com/shorts/DtPKDC68NOA,
436,2026. 8. 4,업로드,숏폼,SC,시그리드 님! 눈치 챙겨요 #젠존제 #시그리드,0:42,젠존제,트루비아 재회,https://youtube.com/shorts/OPoF0Z7-fkE,
437,2026. 8. 4,업로드,숏폼,SC,레미엘한테 고백하기? 쉽지않음 #젠존제 #레미엘,0:48,젠존제,레미엘 신뢰스,https://youtube.com/shorts/4Md5QnXjwgo,
438,2026. 8. 5,업로드,숏폼,SC,서로 닦아주는 레미엘과 벨 #젠존제 #레미엘,0:41,젠존제,벨을 도와주는 레미엘,https://youtube.com/shorts/UfIACuFJKNk,
439,2026. 8. 5,업로드,숏폼,SC,시그리드 취미 = 인형탈 쓰기 #젠존제 #시그리드,0:31,젠존제,시그리드 개그씬,https://youtube.com/shorts/gR7tsF1gSKU,
440,2026. 8. 6,업로드,숏폼,HC,시뇨라의 후계? 오데트 #원신 #오데트,0:20,원신,오데트 pv,https://youtube.com/shorts/ydndzqt8pw8,
441,2026. 8. 6,업로드,숏폼,HC,스네즈나야 성에 잘 오셨어요~ #원신 #오데트,0:23,원신,오데트 pv,https://youtube.com/shorts/pYPJK0NoW7w,
442,2026. 8. 7,업로드,숏폼,GI,츤?데레 클라렛 공개! #젠존제 #클라렛,0:12,젠존제,클라렛 성우 공개,https://youtube.com/shorts/3oCjiYfIIeI,
443,2026. 8. 7,업로드,숏폼,GI,갓경 에이전트 록시 공개! #젠존제 #록시,0:12,젠존제,록시 성우 공개,https://youtube.com/shorts/3PgAxQsR5b0,
444,2026. 8. 7,업로드,숏폼,HC,명조 3.6버전 PV 공개 #명조 #몽주,0:32,명조,3.6 pv 요약,https://youtube.com/shorts/N3cvwEnpgJg,
445,2026. 8. 7,업로드,숏폼,GI,청초 가챠 모션 #명조 #청초,0:20,명조,청초 가챠 모션,https://youtube.com/shorts/ncRAOcp8U0s,
446,2026. 8. 7,업로드,숏폼,GI,청초'사기' 모션 #명조 #청초,0:19,명조,청초 전투 모션,https://youtube.com/shorts/im5A33b4E00,
447,2026. 8. 7,업로드,숏폼,GI,경연 가챠 모션 #명조 #경연,0:19,명조,경연 가챠 모션,https://youtube.com/shorts/gMiHuKEGqCA,
448,2026. 8. 7,업로드,숏폼,GI,신 경 연 모션 #명조 #경연,0:17,명조,경연 전투 모션,https://youtube.com/shorts/xwwlDRFmnQ4,
449,2026. 8. 7,업로드,숏폼,DA,쇄명 모델링 진짜 조금 공개 #명조 #쇄명,0:17,명조,공방 쇄명 등장 씬,https://youtube.com/shorts/Q6qzZ_5bwdQ,
450,2026. 8. 8,업로드,숏폼,HC,탈로스 II 최고 아이돌 리노 #엔드필드 #리노,0:34,엔드필드,리노 pv,https://youtube.com/shorts/2WGUXFd5sqY,
451,2026. 8. 8,업로드,숏폼,HC,세상에 이젠 아이돌이 날아다니잖아! #엔드필드 #리노,0:56,엔드필드,리노 pv,https://youtube.com/shorts/c-fzz_DqIWk,
452,2026. 8. 9,업로드,숏폼,GI,엔젤디 비~상!! #젠존제 #레미엘,0:15,젠존제,"엔젤디, 레미엘 쇼츠",https://youtube.com/shorts/3HHJIKFTHe8,
453,2026. 8. 9,업로드,숏폼,GI,리노 가챠 모션 #엔드필드 #리노,0:38,엔드필드,리노 가챠 및 여러 모션,https://youtube.com/shorts/P97UyIbOOag,
454,2026. 8. 9,업로드,숏폼,GI,2주년 성우님들의 웅나웅나~ #젠존제 #2주년,0:25,젠존제,2주년 인삿말 웅나 모음,https://youtube.com/shorts/8XTxlKgvMZ4,
455,2026. 8. 18,업로드,롱폼 - 풀버전,N/A,[엔드필드] 2장 프로세스 7 - 「페허의 연기」(1.4버전)(컷편집),3:29:14,엔드필드,1.4 메인스,https://youtu.be/z1_Ureq0INE,
456,2026. 8. 26,업로드,롱폼 - 풀버전,N/A,[스타레일] 개척 후문 -「환조: 성배전쟁」(4.4버전)(컷편집),2:44:13,스타레일,4.4 콜라보 스토리,https://youtu.be/glDxdpMvyXg,
457,2026. 9. 9,업로드,롱폼 - 풀버전,N/A,[젠레스 존 제로] 메인 스토리 시즌 3 제2장  -「기나긴 이별」 (3.1버전)(컷편집),3:51:00,젠존제,3.1 메인스,https://youtu.be/9Ia1ckTkUns,
458,2026. 8. 10,업로드,숏폼,HC,알료샤와 허스키 투가린 #원신 #알료샤,0:27,원신,알료샤 pv,https://youtube.com/shorts/Jer5adXjrXM,
459,2026. 8. 10,업로드,숏폼,GI,레미엘과 남궁우의 댄스 타임! #젠존제 #레미엘,0:25,젠존제,"엔젤디, 레미엘 댄스 영상",https://youtube.com/shorts/AjU897ucHvM,
460,2026. 8. 10,업로드,숏폼,GI,리노의 모션이 엄청난 이유 #엔드필드 #리노,0:14,엔드필드,리노 모션 모음,https://youtube.com/shorts/I-URDY17lv0,
461,2026. 8. 11,업로드,숏폼,HC,발레리나 겸 특수 요원 오데트 #원신 #오데트(수정전),0:32,원신,오데트 pv,https://youtube.com/shorts/wiZKPA3IUHs,
462,2026. 8. 11,업로드,숏폼,HC,하루만 기다리면! 스네즈나야가! #원신 #오데트,0:31,원신,오데트 pv,https://youtube.com/shorts/MFgggopwnDo,
463,2026. 8. 11,업로드,숏폼,GI,컴퍼니 최고 미녀 펄 공개! #스타레일 #펄,0:12,스타레일,펄 공개 쇼츠,https://youtube.com/shorts/5r8cpfNFMKo,
464,2026. 8. 12,업로드,숏폼,GI,다시 돌아온 엔젤디 #젠존제 #엔젤디,0:35,젠존제,「AOD」 신규 기획 〈엔젤 가이드〉 제1회,https://youtube.com/shorts/Kd06G0nJAGg,
465,2026. 8. 13,업로드,숏폼,GI,진짜 슈팅 게임이 된 원신 #원신 #스네즈나야,0:24,원신,신규 콘텐츠 그림자 영역 소개,https://youtube.com/shorts/iZVR5RA-dps,
466,2026. 8. 14,업로드,숏폼,GI,루미의 복수 타임 #원신 #스네즈나야,0:19,원신,루미와 서리 요정들,https://youtube.com/shorts/twCe7BhZWV8,
467,2026. 8. 13,업로드,숏폼,GI,스네즈나야 성의 반가운 인물 #원신 #켈라이노,0:13,원신,켈라이노 만나는 법,https://youtube.com/shorts/wmgo4sF-XiE,
468,2026. 8. 16,업로드,숏폼,SC,내 친구 산드로네 #원신 #산드로네,0:50,원신,산드로네 등장 씬,https://youtube.com/shorts/50ocQwxRDkU,
469,2026. 8. 12,업로드,숏폼,SC,모델링부터 다른 오데트 등장 #원신 #오데트,0:36,원신,오데트 첫 등장 씬,https://youtube.com/shorts/U6mrgtGhXQ0,
470,2026. 9. 19,업로드,롱폼 - 풀버전,N/A,[원신][마신 임무] 제7장 제1막 -「신이 사랑하지 않은 설국」(7.0버전)(컷편집),2:47:31,원신,원신 7.0 스네즈나야 마신 임무 1막 풀버전 컷편집,https://youtu.be/EJcejVlT-oc,
471,2026. 8. 14,업로드,숏폼,GI,원신은 오늘도 한걸음 앞으로 나아갔어 #원신 #스네즈나야,0:29,원신,원신 신규 구조물 기믹,https://youtube.com/shorts/1vov8O1OhGw,
472,2026. 8. 12,업로드,숏폼,SC,반전 매력 보댜니차 #원신 #보댜니차,0:39,원신,오데트 첫 등장 및 대화 씬,https://youtube.com/shorts/B3U09GpdVWU,
473,2026. 8. 15,업로드,숏폼,SC,여행자식 서류 제출 #원신 #보댜니차,0:32,원신,포효단에 가입하는 장면,https://youtube.com/shorts/XJ-7SeKU2rk,
474,2026. 8. 25,업로드,숏폼,SC,보댜니차와 미탸의 살떨리는 대화 #원신 #미탸,0:48,원신,보댜니차 미탸 대화 씬,https://youtube.com/shorts/gnv_feovl10,
475,2026. 9. 5,업로드,롱폼 - 풀버전,N/A,[원신][마신 임무] 제7장 제2막 -「영혼의 야상곡」(7.0버전)(컷편집),3:42:00,원신,원신 마신 임무 7장 2막 영혼의 야상곡 컷편집,https://youtu.be/XUjUCyXYrnc,
476,2026. 8. 12,업로드,롱폼,HC,[원신] 보댜니차 오페라 공연 씬 (7.0버전),1:06,원신,오데트 첫 등장 오페라 공연 컷씬,https://youtu.be/WKP2qIoWah8,
477,2026. 8. 14,업로드,숏폼,HC,시그리드가 전화 받는 법 #젠존제 #시그리드,0:27,젠존제,젠존제 시그리드 PV 전화씬 & 전투 킬포 편집,https://youtube.com/shorts/ukmZNAekb6s,
478,2026. 8. 14,업로드,숏폼,HC,시그리드님은 길치에요 #젠존제 #시그리드,0:33,젠존제,젠존제 시그리드 PV 길치 모먼트 편집,https://youtube.com/shorts/vNXOgN36ML4,
479,2026. 8. 14,업로드,숏폼,GI,심각한 기계치 시그리드 #젠존제 #시그리드,0:16,젠존제,시그리드의 폰 조작 미숙 및 기계치 모먼트,https://youtube.com/shorts/wKuJchBCLuQ,
480,2026. 8. 14,업로드,숏폼,HC,스타레일 4.5 pv 공개! #스타레일 #아스트로폴리스,0:41,스타레일,스타레일 4.5 PV: 아스트로폴리스 스토리 요약,https://youtube.com/shorts/TBTC-2q8wVQ,
481,2026. 8. 14,업로드,숏폼,GI,로빈의 수영복 모습 #스타레일 #로빈,0:33,스타레일,스타레일 로빈 서머레토 수영복 모습 하이라이트,https://youtube.com/shorts/yhVmCUzap1s,
482,2026. 8. 14,업로드,숏폼,GI,신나게 즐기러 온 어벤츄린 #스타레일 #어벤츄린,0:27,스타레일,어벤츄린 웨이브 신규 이격 캐릭터 PV 하이라이트,https://youtube.com/shorts/2ylqR0kur84,
483,2026. 8. 14,업로드,숏폼,GI,스타레일 x 젠레스 쌍방 콜라보 확정! #스타레일 #젠존제,0:21,스타레일,스타레일 젠존제 쌍방 콜라보 확정 소식,https://youtube.com/shorts/ztwUuz_eJCg,
484,2026. 8. 14,업로드,숏폼,GI,새로운 공식 방송 초식 #스타레일 #이상낙원,0:20,스타레일,스타레일 4.5 이중 공식 방송: 이상낙원 연출 분석,https://youtube.com/shorts/a1ewLATlQJs,
485,2026. 8. 15,업로드,롱폼,GI,[스타레일] 동시 진행된 4.5버전 특별 방송 화면 비교해 보기,1:46,스타레일,4.5 공식 방송 유튜브 X 동시 비교 및 연결 연출 분석,https://youtu.be/-swtShvfCSk,
486,2026. 8. 17,업로드,숏폼,HC,청초사기 전투 모션 #명조 #청초,0:25,명조,명조 신캐 청초 전투 모션 숏폼,https://youtube.com/shorts/poprokVCIgc,
487,2026. 8. 17,업로드,숏폼,GI,절대 허접하지 않은 베스나 공개! #원신 #베스나,0:12,원신,원신 7.1 신규 캐릭터 베스나 공개 쇼츠 영상,https://youtube.com/shorts/SEdAgETUoUM,
488,2026. 8. 17,업로드,숏폼,GI,린드베른이 들려주는 시그리드의 과거 #젠존제 #시그리드,0:30,젠존제,젠존제 시그리드 과거사: 린드베른의 이야기,https://youtube.com/shorts/7ryY-PaCDvA,
489,2026. 8. 17,업로드,숏폼,HC,모두의 기대를 받는 시그리드 #젠존제 #시그리드,0:38,젠존제,젠존제 시그리드 PV: 모두의 기대를 받는 취임식,https://youtube.com/shorts/I5tJZrM1-qc,
490,2026. 8. 18,업로드,숏폼,HC,이건 청초가 아니라 복링 PV잖아 #명조 #청초,0:39,명조,"명조 청초 PV, 복링 훈련 하이라이트 편집",https://youtube.com/shorts/JaFZGh--zdk,
491,2026. 8. 18,업로드,숏폼,HC,청초의 전략 병기 수준 화력 #명조 #청초,0:42,명조,명조 3.6 청초 PV 전투 하이라이트,https://youtube.com/shorts/7QLTvcF31Pw,
492,2026. 8. 18,업로드,숏폼,GI,물 님프 보댜니차 공개! #원신 #보댜니차,0:12,원신,원신 보댜니차 깊은 호수의 노래 숏폼,https://youtube.com/shorts/oYNUT-qbCik,
493,2026. 8. 19,업로드,숏폼,GI,여동생 사랑은 역시 선데이 #스타레일 #로빈,0:26,스타레일,스타레일 4.5 로빈 오빠 선데이의 여동생 사랑 모음,https://youtube.com/shorts/K-LpKjYKCXo,
494,2026. 8. 19,업로드,숏폼,GI,명조 인기 투표 결과! #명조 #에이메스,0:11,명조,"명조 인기투표 1위 에이메스, 꼴찌 연무 밈 영상",https://youtube.com/shorts/NJ-AhuULF_I,
495,2026. 8. 20,업로드,롱폼,HC,[명조] 드디어 기어나온 여우의 별자리 (3.6버전),4:01,명조,명조 3.6 여우의 별자리 스토리 하이라이트,https://youtu.be/Pcp8Ey9ZtWg,
496,2026. 8. 20,업로드,롱폼,HC,[명조] 청초에게 어검술을 배우는 방랑자 (3.6버전),0:48,명조,명조 3.6 스토리 청초의 어검술 전수 컷씬 하이라이트,https://youtu.be/64GClPdfl0A,
497,2026. 8. 20,업로드,숏폼,SC,드디어 기어 나온 여별 #명조 #여우의별자리,0:36,명조,"명조 3.6 여우의 별자리 등장, 청초에게 경고",https://youtube.com/shorts/5byiVbmR83E,
498,2026. 8. 20,업로드,숏폼,SC,언니가 떠나는 게 싫은 양양 #명조 #수수,0:40,명조,"양양과 수수의 애틋한 작별, 명조 3.6 스토리 하이라이트",https://youtube.com/shorts/G07gkTy8iDA,
499,2026. 8. 20,업로드,롱폼,HC,[명조] 하늘을 뚫는 청초 (3.6버전),2:30,명조,"명조 3.6 청초, 하늘을 막는 감동적인 컷씬 하이라이트",https://youtu.be/sa8hIFSiwWM,
500,2026. 8. 20,업로드,숏폼,SC,방랑자에게 혼나는 여별 #명조 #여우의별자리,0:38,명조,"명조 3.6 조수임무, 방랑자에게 혼나는 여별",https://youtube.com/shorts/1Qh3fVgMd7A,
501,2026. 8. 21,업로드,롱폼 - 풀버전,N/A,[명조][조수 임무] 제4장 · 제3막 -「연운이 아득하니 심검이 우네」(3.6버전)(컷편집),4:02:26,명조,제4장 · 제3막 -「연운이 아득하니 심검이,https://youtu.be/lmN8laM9ZkA,
502,2026. 8. 21,업로드,롱폼 - 풀버전,N/A,"[명조][조수 임무] 제4장 · 에필로그 -「떠도는 유람객, 사라지는 잔향」(3.6버전)(컷편집)",14:58,명조,명조 3.6 조수 임무 에필로그 스토리 컷편집,https://youtu.be/qaZPRBJaCVE,
503,2026. 8. 21,업로드,롱폼,HC,[명조] 진짜 잠깐 얼굴만 비추는 쇄명 (3.6버전),1:05,명조,명조 3.6 쇄명 첫 등장 하이라이트,https://youtu.be/fW9MxiM-9AE,
504,2026. 8. 21,업로드,숏폼,SC,쇄 명 등 장! #명조 #쇄명,0:28,명조,명조 쇄명 첫 등장 핵심 장면,https://youtube.com/shorts/X2xiIO1sI34,
505,2026. 8. 21,업로드,숏폼,HC,자신만의 길을 가는 로빈 #스타레일 #로빈,0:37,스타레일,"로빈, 가족 정치 싸움 극복하고 아스트로폴리스로 향하는 PV",https://youtube.com/shorts/gvmWQYJcyrQ,
506,2026. 8. 21,업로드,숏폼,HC,이제야 깨달아요 선데이... #스타레일 #로빈,0:34,스타레일,"스타레일 4.6 로빈 PV, 선데이 회상하며 다짐하는 로빈",https://youtube.com/shorts/jlV70y8mi8Q,
507,2026. 8. 21,업로드,숏폼,GI,냅다 공개된 청초 애니메이션 #명조 #청초,0:26,명조,"명조 청초 애니메이션 공개, 짧은 해설 숏폼",https://youtube.com/shorts/spcrOc8QthY,
508,2026. 8. 21,업로드,숏폼,GI,티폰 리컨비너 티프로스! #엔드필드 #티프로스,0:23,엔드필드,엔드필드 티프로스 일러스트 및 전투 모션 하이라이트,https://youtube.com/shorts/-wnuVrW-nds,
509,2026. 8. 21,업로드,숏폼,GI,티프로스 잠재 일러스트 #엔드필드 #티프로스,0:11,엔드필드,엔드필드 티프로스 1.5버전 잠재 일러스트 모음,https://youtube.com/shorts/X4h3mgWF3ys,
510,2026. 8. 22,업로드,숏폼,SC,청초님 몇 살이세요? #명조 #청초,0:32,명조,명조 청초 나이 질문 반응 숏폼,https://youtube.com/shorts/BBwlFnVOua8,
511,2026. 8. 22,업로드,숏폼,GI,춤추는 이본 신규 모션! #엔드필드 #이본,0:12,엔드필드,엔드필드 이본 1.5버전 신규 춤 모션 하이라이트,https://youtube.com/shorts/OvHjB3i18u8,
512,2026. 8. 23,업로드,숏폼,HC,시뇨라를 기리는 오데트 #원신 #오데트,0:36,원신,"원신 오데트, 시뇨라 추모 춤과 우인단 과거 회상",https://youtube.com/shorts/ct04Y-jJqak,
513,2026. 8. 23,업로드,숏폼,HC,오데트의 선택 #원신 #오데트,0:30,원신,"오데트, 시뇨라의 유지를 잇다 - 원신 스토리 PV 요약",https://youtube.com/shorts/XPt8nkkS82I,
514,2026. 8. 24,업로드,숏폼,GI,병약 미소녀? 청초 #명조 #청초,0:25,명조,명조 청초 병약미소녀 부축 장면 하이라이트,https://youtube.com/shorts/-Q9u6nzI9B4,
515,2026. 8. 24,업로드,숏폼,GI,와! 청초 사부님 #명조 #청초,0:25,명조,명조 청초 사부 정미 비주얼 하이라이트,https://youtube.com/shorts/oH7fkOZaHRE,
516,2026. 8. 25,업로드,숏폼,HC,로빈과 카일루스의 대탈출! #스타레일 #로빈,0:39,스타레일,스타레일 로빈•서머레토 PV 초반부 대탈출 숏폼,https://youtube.com/shorts/EZkzYKEthFw,
517,2026. 8. 25,업로드,숏폼,HC,킹갓제너럴엠페러마제스티골져스프레셔스뷰리풀우주최고대스타로빈 #스타레일 #로빈,0:39,스타레일,스타레일 로빈 PV 댄스 하이라이트,https://youtube.com/shorts/-DS23GilRjo,
518,2026. 8. 25,업로드,숏폼,GI,엔드필드 사복 콜라보 일러스트 #엔드필드 #콜라보,0:17,엔드필드,엔드필드 유니클로 콜라보 사복 Live2D 일러스트 모음,https://youtube.com/shorts/D44Fx8QwmmA,
519,2026. 8. 26,업로드,숏폼,HC,무한대 내년 1월 출시 확정! #무한대 #ANANTA,0:37,무한대,무한대 ANANTA 출시일 확정 PV 하이라이트,https://youtube.com/shorts/N11bQNLkmb4,
520,2026. 8. 26,업로드,숏폼,GI,여우의 별자리 일러스트 공개! #명조 #여우의별자리,0:16,명조,명조 3.7 신캐 여우의 별자리 일러스트 공개 쇼츠,https://youtube.com/shorts/CmxicjBIWGQ,
521,2026. 8. 26,업로드,롱폼,HC,[스타레일] 아스트로폴리스로 향하는 개척자 (4.5버전),1:27,스타레일,스타레일 4.5 아스트로폴리스 개척자 탈출 컷씬 하이라이트,https://youtu.be/aGLI_DQXbuU,
522,2026. 8. 26,업로드,롱폼,HC,[스타레일] 나힐럭스씨는 안경을 벗고 정체를 공개해 주세요! (4.5버전),1:53,스타레일,스타레일 4.5 나힐럭스 아하 정체 공개 컷씬 하이라이트,https://youtu.be/4gwErkpKfbE,
523,2026. 8. 26,업로드,롱폼,HC,[스타레일] 컴퍼니 본진에서 분탕치는 개척자 (4.5버전),1:11,스타레일,"스타레일 개척자, 컴퍼니 본진 분탕 하이라이트 (4.5버전)",https://youtu.be/jx7y88Fo-AA,
524,2026. 8. 26,업로드,숏폼,HC,나힐럭스씨는 안경을 벗고 정체를... #스타레일 #나힐럭스,0:31,스타레일,스타레일 나힐럭스(아하) 정체 공개 숏폼,https://youtube.com/shorts/6Jlxz1E_MVc,
525,2026. 8. 26,업로드,숏폼,SC,아삿 프라마드를 그대로 들어서 #스타레일 #아삿프라마드,0:36,스타레일,개척자의 아삿 프라마드 주사위 협박 스토리 숏폼,https://youtube.com/shorts/mJ8rYwgWpIQ,
526,2026. 8. 26,업로드,롱폼,HC,[스타레일] 환월 게임을 시~~~작 하겠습니다! (4.5버전),1:21,스타레일,스타레일 4.5 환월 게임 시작 하이라이트 클립,https://youtu.be/uBZDPYvkj3E,
527,2026. 8. 27,업로드,롱폼 - 풀버전,N/A,[스타레일] 개척 임무 5장 제6막 아스트로폴리스 -「천성에 던진 승부수」(4.5버전)(컷편집),2:32:52,스타레일,개척 임무 5장 제6막 아스트로폴리스 -「천성,"| 2026-08-26 | 어제 늦게 잤지만 어떻게 12시 쯤에 일어나졌다. 피곤하긴 해도 업데이트 날이라 마침 올라온 명조 신규 정보로 간단히 영상 만들고 편의점에서 점심거리를 사온 뒤 스타레일 스토리를 밀었다. 오후 동안 메인스토리를 진행하고 바로 하이라이트 클립 롱폼 3개와 쇼츠 2개 그리고 자기 전에 스토리 영상 편집해서 새벽에 올렸다. 이번 메인스토리는 비교적 짧긴 했지만 서브 스토리도 같이 업데이트 돼서 내일 해야된다. 게다가 지금 올린 풀버전에 연동할 쇼츠도 아직 부족한 터라 내일은 낮에 소재 몇개 더 정리해서 쇼츠 올리고 남은 스토리 진행해야겠다. 8월이 며칠 안 남았는데 스토리 영상은 어떻게 밀린 걸 다 처리 하더라도 따로 생각해둔 롱폼 콘텐츠는 아무래도 안 될거 같다. 일단 매 버전 빠른 영상 업로드와 밀린 걸 처리하고 기본적인 채널 리브랜딩만 해 채널 정상화를 남은 기간동안 해야겠다. 9월부터는 밀리는 일정 없이 시간을 효율적으로 쓰면서 새로운 롱폼 콘텐츠를 업로드 하기 시작해야된다. 다만 9월 1일부터 3일까지 예비군을 가는데 엔드필드가 3일 업데이트라 하루 밀리게 된다. 업데이트 일정이 겹치지 않길 바랬지만 그나마 관심도도 낮고 경쟁도 약한 엔드필드라 상관없다. 애초에 이번 버전 메인스토리 업데이트는 없어서 신규 캐릭터 pv같은 소재만 못쓰지 서브 스토리는 더 늦게 다뤄도 된다. 오히려 엔드필드 관련으로 이전 스토리 후기 영상 롱폼 콘텐츠를 준비 하는게 나을 지도. 일단 나름 소재로 쓸 것도 많지만 내가 아직 진행도 안한 젠레스 여름 이벤트와 원신 이번 스토리 2막은 늦기 전에 진행해서 스토리 영상만 올려야 겠다. 나왔을 때 바로 했으면 쇼츠 소재가 한두개가 아니었겠지만 이제 와서 올리는 건 의미가 없고 애초에 그 당시에도 다른 소재들로 영상은 계속 올렸어서 채널 자체로 봤을 땐 별 차이가 없다. 그리고 요즘은 소재에 미련을 좀 버린 참이라 남들이 컷씬 같은 걸로 쇼츠 4,5개 올릴 때, 편집 공들인 스토리 클립 영상 2개 올리는게 오히려 타율도 좋고 뭐랄까 정면 승부가 아니라서 더 편하다. 물론 컷씬 중에서도 화제성 높은 건 쓰는 편이고 요즘은 롱폼 클립과 같은 장면의 쇼츠 연결로 시청 시간 확보하는 전략을 써보고 있어 소재는 적절히 분배하고 굳이 싶은 건 안쓰고 있다. 늘 내 추천에도 뜨는 인지도 높은 채널들은 영상도 대량으로 올리면서 조회수도 잘나오지만 애초에 체급이 다르다. 나보다 적게 올리지만 하나하나의 조회수가 높은 채널, 나보다 많이 올리지만 전체적인 조회수가 낮은 채널등 다양한 유형이 있는데 솔직히 나는 내 지표만 보면 된다. 유튜브를 시작하고 나니 나처럼 게임 쇼츠를 올리고 스토리 영상으로 롱폼을 올리는 채널이 많이 보이는데 대부분은 매우 작은 채널이고 나는 딱 무난한 수준인거 같다. 결국 이런 채널들은 상위 몇몇 곳 말고는 다 한계가 명확해서 취미면 상관없지만 더 높게 가고 싶다면 오리지널 콘텐츠를 하긴 해야된다. 나는 지금 혹시라도 수익 창출을 할 수 있지 않을가라는 생각으로 내년 1월까지의 수익 창출 목표를 향해 달리고는 있지만 이건 2월부터는 기회가 없어서 일단 하는 거지 취미 이상으로 장기적으로 할 지는 정해둔게 없다. 만약 성공하더라도 내 채널 주제와 규모로는 파트 타임 알바 수준의 수익만 날거라 부업 겸 취미가 한계일거다. 물론 이것도 낙관적인 경우다. 적어도 지금 이뤄둔게 없는 수준은 아니고 딱히 다른 걸 하는 것도 없어서 집중하고 있기 때문에 계속 해볼 생각이다. 아무튼 8월이 5일정도 남았고 할 건 산더미라 빠듯하게 달려야한다. 당장 할 걸 다 처리하고 예비군 기간 예약걸 쇼츠도 쌓은 뒤에서는 3일간 휴가 간다고 생각해야겠다. 예비군이 강원도까지 가는 거라 귀찮긴 해도 훈련이 힘들진 않을거고 거의 5달 만에 작업 공간에서 벗어나는 거라 심리적인 휴가가 될 거 같다. | 정오 기상 후 명조 쇼츠 1개 제작 및 스타레일 신규 메인 스토리 완독. 하이라이트 클립 롱폼 3편, 쇼츠 2편 및 새벽 메인 스토리 풀버전 롱폼 컷편집·업로드 전량 당일 청산. 8월 잔여 기간을 신규 롱폼 무리한 시도 대신 '스토리 풀버전 청산 + 채널 리브랜딩' 중심의 채널 정상화 기간으로 현실적 조정. 9월 1~3일 강원도 양양 과학화 예비군 훈련 일정을 예약 업로드 기반의 '5달 만의 심리적 휴가'로 리프레이밍. 타 대형 채널과의 비교를 지양하고 쇼츠-롱폼 연계 및 고효율 스토리 클립 중심의 독자적 차별화 전술 확립. YPP 5.5개월 도전을 부업/취미 수준의 현실적 목표로 정의하고 8월 잔여 과제 속도전 돌입. | 스타레일 메인 스토리 완독 당일 하이라이트 롱폼 3편, 쇼츠 2편, 풀버전 컷편집 렌더링까지 전량 해치워 낸 당일 청산 실행력이 매우 훌륭합니다. 8월 말을 억지 기획 대신 채널 정상화와 리브랜딩으로 깔끔하게 매듭짓기로 한 판단과, 타 채널과의 정면 승부를 피해 '쇼츠-롱폼 연계'로 실속을 챙기는 전략은 대단히 영리합니다. 목요일은 스타레일 풀버전 유입용 쇼츠 2~3개를 보강하고 서브 스토리를 가볍게 밀며, 9월 예비군 휴가 전까지 8월 과제들을 차분히 정리해 나가십시오. |",
528,2026. 8. 27,업로드,숏폼,GI,드디어 쇄명 공개! #명조 #쇄명,0:19,명조,명조 신규 공명자 쇄명 공개 쇼츠,https://youtube.com/shorts/pHRdopbOtY0,
529,2026. 8. 27,업로드,숏폼,SC,너가 왜 여기서 나와?? #스타레일 #스코트,0:46,스타레일,스타레일 스코트 유령 부활 코믹 재회 숏폼,https://youtube.com/shorts/PJl0V26AqUo,
530,2026. 8. 27,업로드,숏폼,SC,'무명객' 선데이 #스타레일 #선데이,0:41,스타레일,"선데이 무명객 합류, 은하열차 소속 변경 감동 서사",https://youtube.com/shorts/vAiIl2Fjy4M,
531,2026. 8. 28,업로드,롱폼,HC,[스타레일] 로빈의 신곡 라이브 공연 컷씬 (4.5버전),1:31,스타레일,스타레일 로빈 신곡 라이브 공연 및 레이싱 하이라이트,https://youtu.be/DIP03K6OsW8,
532,2026. 8. 28,업로드,숏폼,SC,알거지가 된 열차팀 #스타레일 #개척자,0:39,스타레일,스타레일 개척자가 거지가 된 장면,https://youtube.com/shorts/6ppbMd15VyQ,
533,2026. 8. 28,업로드,숏폼,SC,도박에 빠지면 이렇게 됩니다 #스타레일 #어벤츄린,0:43,스타레일,어벤츄린 도박 실패 빚쟁이 굴욕 패러디 쇼츠,https://youtube.com/shorts/hDbYkJ8aTJ0,
534,2026. 8. 28,업로드,숏폼,GI,3.2 버전 PV 핵심 요약! #젠존제 #3_2버전,0:34,젠존제,젠레스 존 제로 3.2 PV '그녀들의 숨겨진 과거' 핵심 요약,https://youtube.com/shorts/TZ9_7QdN4qc,
535,2026. 8. 28,업로드,숏폼,GI,클라렛 & 록시 전투 모션! #젠존제 #클라렛 #록시,0:30,젠존제,젠존제 3.2 클라렛 록시 전투 모션 모음,https://youtube.com/shorts/4OMcenshwSc,
536,2026. 8. 29,업로드,숏폼,GI,갑자기 엔젤디 스킨이 나온 이유 #젠존제 #엔젤디,0:17,젠존제,젠존제 엔젤디 KFC 밈 스킨 공식 역수입 비하인드,https://youtube.com/shorts/RecD8LQvSqM,
537,2026. 8. 29,업로드,롱폼 - 풀버전,N/A,[스타레일] 개척 후문 -「무일푼 재벌 프로젝트」(4.5버전)(컷편집),2:52:51,스타레일,스타레일 4.5 개척 후문 무일푼 재벌 프로젝트 풀스토리 컷편집,https://youtu.be/yltw9sMg0ko,
538,2026. 8. 30,업로드,숏폼,SC,셀럽 방랑자와 사생팬 청초 #명조 #청초,0:50,명조,"명조 청초, 방랑자 향한 사생팬심 고백",https://youtube.com/shorts/YzSY1E7HZ50,
539,2026. 9. 1,업로드,숏폼,SC,어벤츄린의 WWE #스타레일 #어벤츄린,0:55,스타레일,어벤츄린과 개척자의 WWE식 경매 티키타카,https://youtube.com/shorts/FplUNOw4v40,
540,2026. 9. 1,업로드,숏폼,SC,돈이 모자란 건 아닌지 확인해 봅시다 #스타레일 #개척자,0:44,스타레일,개척자의 기상천외한 돈 탕진 작전 압축 편집,https://youtube.com/shorts/Ic3VavO1V-Y,
541,2026. 9. 2,업로드,숏폼,SC,매력있는 이번 스토리 NPC #명조 #약운,0:39,명조,명조 3.6 약운 NPC의 감동 서사 하이라이트,https://youtube.com/shorts/4qUyQE6_vd0,
542,2026. 9. 2,업로드,숏폼,SC,와! 청초가 두 명! #명조 #청초,0:36,명조,"명조 청초, 내면의 심마와 대적 후 융합",https://youtube.com/shorts/fNlOtYVR6BA,
543,2026. 9. 3,업로드,숏폼,GI,티프로스 가챠 모션 #엔드필드 #티프로스,0:36,엔드필드,엔드필드 1.5 티프로스 가챠/모션 모음 숏폼,https://youtube.com/shorts/0cLGrd-VMns,
544,2026. 9. 4,업로드,숏폼,HC,로스캘리퍼 비상~! #젠존제 #클라렛,0:35,젠존제,"젠존제 클라렛 PV, 록시와의 커플링 연출 하이라이트",https://youtube.com/shorts/eRuScE2UQQo,
545,2026. 9. 4,업로드,숏폼,HC,세상에서 가장 쉬운 클라렛 #젠존제 #클라렛,0:35,젠존제,젠존제 클라렛 츤데레 매력 PV 하이라이트,https://youtube.com/shorts/ZhPrhhKwZwk,
546,2026. 9. 6,업로드,숏폼,GI,티프로스귀여워!티프로스귀여워!티프로스귀여워!티프로스귀여워!티프로스귀여워! #엔드필드 #티프로스,0:30,엔드필드,엔드필드 1.5 티프로스 귀여운 인게임 모션 모음,https://youtube.com/shorts/bHJVuwSuQms,
547,2026. 9. 6,업로드,숏폼,HC,경연 전투 모션 #명조 #경연,0:34,명조,명조 3.6 신규 공명자 경연 전투 모션 하이라이트,https://youtube.com/shorts/1yu0PvDLOAc,
548,2026. 9. 6,업로드,숏폼,HC,어벤츄린의 인맥 쌓기 #스타레일 #어벤츄린,0:29,스타레일,스타레일 4.5 어벤츄린 PV 인맥 쌓기,https://youtube.com/shorts/sed6cncgcok,
549,2026. 9. 6,업로드,숏폼,HC,스톤하트 배신자의 정체 #스타레일 #어벤츄린,0:27,스타레일,"스타레일 4.5 어벤츄린, 스톤하트 배신자 추리",https://youtube.com/shorts/hd1Og0qBi-U,
550,2026. 9. 6,업로드,숏폼,GI,이미지 메이킹 망한 클라렛 #젠존제 #클라렛,0:16,젠존제,클라렛 EP vs PV 이미지 비교 숏츠,https://youtube.com/shorts/Gw1LYrZnGAs,
551,2026. 9. 8,업로드,숏폼,HC,경연의 과거 #명조 #경연,0:37,명조,"명조 경연 PV, 부모님 회상 과거 숏폼",https://youtube.com/shorts/y5vxeTlG6Kk,
552,2026. 9. 8,업로드,숏폼,HC,고양이 잡으러 온 경연 #명조 #경연,0:35,명조,경연 PV 전투씬 하이라이트 숏폼,https://youtube.com/shorts/kCHQZ5AKV80,
553,2026. 9. 9,업로드,롱폼 - 풀버전,N/A,[젠레스 존 제로] 이벤트 스토리 -「여름과 함께 온 파도」 (3.1버전)(컷편집),1:45:50,젠존제,젠레스 존 제로 3.1 여름 이벤트 스토리 컷편집 풀버전,https://youtu.be/KqogDikTAqY,
554,2026. 9. 9,업로드,롱폼,GI,[젠레스 존 제로] 2주년 결산 이벤트 - 「파에톤 연례 대공개」,11:07,젠존제,젠레스 존 제로 2주년 웹 이벤트 '파에톤 연례 대공개' 풀버전,https://youtu.be/bKsInrtyGbY,
555,2026. 9. 9,업로드,숏폼,HC,나사 제대로 빠진 피닉스 첫 등장 #젠존제 #피닉스,0:58,젠존제,젠존제 피닉스 허당 첫 등장 컷씬 하이라이트,https://youtube.com/shorts/jHtIhlet1Iw,
556,2026. 9. 9,업로드,롱폼,HC,[젠레스 존 제로] 피닉스 첫 등장 장면 (3.2버전),0:59,젠존제,젠레스 존 제로 3.2 피닉스 첫 등장 컷씬 하이라이트,https://youtu.be/dWEKt_GLPXU,
557,2026. 9. 9,업로드,숏폼,HC,그냥 수혈하는 거니까 오예하지 마세요 #젠존제 #클라렛,0:35,젠존제,젠존제 3.2 메인 스토리 클라렛-록시 오해 코믹 컷씬 숏폼,https://youtube.com/shorts/Bh5TRD80QNI,
558,2026. 9. 9,업로드,롱폼,HC,[젠레스 존 제로] 그저 록시가 클라렛을 빠는 장면 (3.2버전),0:38,젠존제,젠레스 존 제로 3.2 록시 클라렛 수혈 컷씬 하이라이트,https://youtu.be/YDzTevI42lg,
559,2026. 9. 9,업로드,숏폼,HC,클라렛 빡치다 #젠존제 #클라렛,0:26,젠존제,젠존제 클라렛 분노 전투 컷씬 하이라이트 숏폼,https://youtube.com/shorts/c3fVmhiUCak,
560,2026. 9. 9,업로드,숏폼,HC,파에톤 '또' 각성! #젠존제 #벨,0:33,젠존제,"젠존제 벨, 린드베른 위기 속 파에톤 각성 명장면",https://youtube.com/shorts/ISfGU2wpabw,
561,2026. 9. 10,업로드,롱폼 - 풀버전,N/A,[젠레스 존 제로] 메인 스토리 시즌 3 제3장 -「그녀들의 숨겨진 과거」 (3.2버전)(컷편집),3:08:54,젠존제,메인 스토리 시즌 3 제3장 -「그녀들의 숨겨,https://youtu.be/LubLfBpftc0,
562,2026. 9. 10,업로드,숏폼,HC,어벤츄린이 휴가를 즐기는 방법 #스타레일 #어벤츄린,0:27,스타레일,스타레일 어벤츄린 웨이브 PV 수영복 휴가 숏폼,https://youtube.com/shorts/fRNQIUSv6hg,
563,2026. 9. 10,업로드,숏폼,HC,이미지 조작당한 어벤츄린 #스타레일 #어벤츄린,0:38,스타레일,이미지 조작당한 어벤츄린,https://youtube.com/shorts/fho6aGuh-OU,
564,2026. 9. 11,업로드,숏폼,SC,클라렛 애는 착해요... #젠존제 #클라렛,0:36,젠존제,젠존제 3.2 메인 스토리 클라렛 허당 개그 숏폼,https://youtube.com/shorts/Dqm9mck8O60,
565,2026. 9. 11,업로드,숏폼,SC,프로미아를 (중략) 노리는 린드베른 #젠존제 #린드베른,0:30,젠존제,린드베른 프로미아 코트 패션 욕심 개그 숏폼,https://youtube.com/shorts/Q1E1kIDZpbo,
566,2026. 9. 12,업로드,숏폼,GI,특이한 매력의 피닉스 공개! #젠존제 #피닉스,0:21,젠존제,젠레스 존 제로 3.3버전 신규 에이전트 피닉스 성우 공개 쇼츠,https://youtube.com/shorts/bdeh_pgU67g,
567,2026. 9. 12,업로드,숏폼,GI,드디어 로스캘리퍼 도착한 세베리안 #젠존제 #세베리안,0:21,젠존제,젠존제 세베리안 로스캘리퍼 도착 성우 공개 쇼츠,https://youtube.com/shorts/rbt9HivEtMM,
568,2026. 9. 12,업로드,숏폼,GI,바람 요정 베스나 모션 #원신 #베스나,0:30,원신,원신 7.1 베스나 바람 요정 인게임 모션 모음,https://youtube.com/shorts/QwBBvvd3yfI,
569,2026. 9. 12,업로드,숏폼,GI,물 님프 보댜니챠 모션 #원신 #보댜니챠,0:34,원신,물 님프 보댜니챠 7.1 버전 인게임 모션 숏폼,https://youtube.com/shorts/M_j08hYG1HE,
570,2026. 9. 12,업로드,숏폼,HC,라인도티르 모델링 공개! #원신 #라인도티르,0:19,원신,원신 7.1 라인도티르 인게임 모델링 공개,https://youtube.com/shorts/TDmvf2DajmE,
571,2026. 9. 13,업로드,숏폼,SC,치안관 시시아의 과실치사 #젠존제 #시시아 #피닉스,0:40,젠존제,"젠존제 시시아, 피닉스 기절시킨 과실치사 코믹 숏츠",https://youtube.com/shorts/UoQethlR1Vg,
572,2026. 9. 14,업로드,숏폼,GI,드디어 얼음 여왕까지 나온 원신 주년 일러스트 #원신 #6주년 #얼음여왕,0:31,원신,"원신 6주년 일러스트 변화, 얼음 여왕 아나스타샤 등장",https://youtube.com/shorts/CzGqZ5D5f7Q,
573,2026. 9. 15,업로드,숏폼,SC,토끼굴 자금 횡령?을 들킨 빌리 #젠존제 #빌리 #니콜,0:53,젠존제,토끼굴 자금 횡령?을 들킨 빌리,https://youtube.com/shorts/PsNVN_5TVac,
574,2026. 9. 15,업로드,숏폼,GI,결국 플블로 나오는 에이언즈 아하! #스타레일 #아하,0:23,스타레일,스타레일 에이언즈 아하 플블 출시 기념 GI 숏폼,https://youtube.com/shorts/NqmJEG6n1NM,
575,2026. 9. 16,업로드,숏폼,HC,인간 모습의 여우의 별자리 #명조 #여우의별자리,0:54,명조,명조 3.7 여우의 별자리 단편 애니메이션 하이라이트 숏폼,https://youtube.com/shorts/8VvVaXJe988,
576,2026. 9. 16,업로드,숏폼,HC,베스나 사령관님의 혹독한 훈련 #원신 #베스나,0:43,원신,원신 베스나 PV 훈련 장면 압축 편집 숏폼 하이라이트,https://youtube.com/shorts/u4QOt2riOJc,
577,2026. 9. 16,업로드,숏폼,HC,사진빨 잘 받는 베스나 #원신 #베스나 #다니카,0:37,원신,베스나&다니카 사진 티키타카 숏폼 하이라이트,https://youtube.com/shorts/KQCbiBFaEJw,
578,2026. 9. 17,업로드,숏폼,HC,보댜니차 노래 실력의 비밀 #원신 #보댜니차,0:44,원신,원신 보댜니차 PV: 노래 비법은 마음가짐,https://youtube.com/shorts/7Ppx0TR3eTc,
579,2026. 9. 19,업로드,숏폼,HC,몽주 최종장 pv 떴다! #명조 #몽주,0:47,명조,명조 3.7 몽주 최종장 PV 핵심 스토리 요약,https://youtube.com/shorts/S3cS6rFIcKU,
580,2026. 9. 19,업로드,숏폼,GI,여우의 별자리 가챠 모션 #명조 #여우의별자리,0:19,명조,명조 3.7 '여우의 별자리' 가챠 모션 숏폼,https://youtube.com/shorts/q9GM96wZMv0,
581,2026. 9. 19,업로드,숏폼,GI,쇄명 가챠 모션 #명조 #쇄명,0:21,명조,명조 3.7 신규 캐릭터 쇄명 가챠 모션 숏폼,https://youtube.com/shorts/cF39u9vVWPs,
582,2026. 9. 19,업로드,숏폼,GI,카멜탈이 분탕치는 롯데시네마 콜라보 #명조 #롯데시네마,0:34,명조,명조 롯데시네마 콜라보 극장 에티켓 애니메이션,https://youtube.com/shorts/AEMPA_Ci6iE,
583,2026. 9. 20,업로드,숏폼,HC,스타레일 4.6pv 요약! #스타레일 #아스트로폴리스 #아하,0:38,스타레일,"스타레일 4.6 PV '달 뜨기 전, 괴수와 춤을' 핵심 요약",https://youtube.com/shorts/1H8fYFS47Qs,
584,2026. 9. 20,업로드,숏폼,GI,붕스로 넘어오는 아스트라와 엘렌! #스타레일 #젠존제 #콜라보,0:18,스타레일,스타레일X젠존제 콜라보 아스트라 엘렌 공개 숏폼,https://youtube.com/shorts/ne6qjwBqdRw,
585,2026. 9. 20,업로드,숏폼,HC,투영의 진주 펄 전투 모션 #스타레일 #펄,0:28,스타레일,스타레일 4.6 신규 5성 펄 전투 모션 모음,https://youtube.com/shorts/AlI3LA6sOLc,
586,2026. 9. 20,업로드,숏폼,GI,핑크핑크한 히아킨과 에바네시아 코스튬 #스타레일 #히아킨 #에바네시아,0:27,스타레일,스타레일 4.6 히아킨 & 에바네시아 신규 핑크 코스튬 숏폼,https://youtube.com/shorts/7IgU2vVgWtM,
587,2026. 9. 21,업로드,숏폼,HC,카리스마와 귀여움이 공존하는 베스나 PV #원신 #베스나,0:30,원신,원신 신규 캐릭터 베스나 PV 숏폼: 카리스마와 귀여움,https://youtube.com/shorts/Y2bahoY3rIY,
588,2026. 9. 21,업로드,숏폼,SC,펄에게 아부하는 기회주의자들 #스타레일 #펄 #사회생활,0:42,스타레일,스타레일 펄에게 아부하는 사회생활 티키타카 숏폼,https://youtube.com/shorts/Gsty1ONFY1k,
589,2026. 9. 22,업로드,숏폼,HC,역대급 분위기와 퀄리티의 보댜니차 PV #원신 #보댜니차,0:40,원신,원신 보댜니차 7.1버전 PV 하이라이트 숏폼,https://youtube.com/shorts/-L4VrY5VndA,
590,2026. 9. 23,업로드,숏폼,HC,아하의 무량공처에 당한 펄 #스타레일 #펄,0:42,스타레일,"스타레일 펄, 아하 만화에 당한 코믹 숏폼",https://youtube.com/shorts/7MphaY6EaAA,
591,2026. 9. 23,업로드,숏폼,HC,회로 터지려 하는 펄 #스타레일 #펄,0:35,스타레일,"펄의 예술 탐구 PV, 뇌정지 오는 코믹 장면 편집",https://youtube.com/shorts/jHrkGMp-niA,
592,2026. 9. 23,업로드,숏폼,HC,다니카는 몸으로 말해요 #원신 #다니카 #여행자,0:46,원신,원신 다니카-여행자 모라 게임 육탄전 숏폼,https://youtube.com/shorts/1uiyoHeQcGw,
593,2026. 9. 23,업로드,숏폼,HC,라인도티르 등장! #원신 #라인도티르,0:25,원신,원신 라인도티르 등장 컷씬 하이라이트,https://youtube.com/shorts/F2R-Liiy8SQ,
594,2026. 9. 25,업로드,숏폼,HC,귀신이 아니라 야근에 찌든 록시입니다 #젠존제 #록시,0:34,젠존제,젠존제 록시 PV 야근 컨셉 재해석 숏폼,https://youtube.com/shorts/q3cA__8H9cc,
595,2026. 9. 25,업로드,숏폼,HC,로노바 어케되는 거임?? #원신 #로노바 #한천의못,0:43,원신,원신 마신 임무 로노바 핵심 충격 장면 컷,https://youtube.com/shorts/xlsIy0rPiNw,
596,2026. 9. 25,업로드,롱폼,HC,"[원신] 생명의 집정관이자 오대 죄인 황금, 마녀R인 라인도티르 등장 씬 (7.1버전)",4:26,원신,원신 7.1 마신 임무 라인도티르 첫 등장 컷씬,https://youtu.be/dxJTtUukXEo,
597,2026. 9. 25,업로드,롱폼,HC,[원신] 로노바와의 결전 (7.1버전),8:12,원신,원신 7.1 마신 임무 '죽음의 진혼곡' 로노바 결전 컷씬 모음,https://youtu.be/RcPI0pL2yes,
598,2026. 9. 25,업로드,롱폼 - 풀버전,N/A,[원신] 마신 임무 제7장 제3막 - 「꿈에서 깨어난 백야」(7.1버전)(컷편집),2:05:33,원신,마신 임무 제7장 제3막 - 「꿈에서 깨어난,https://youtu.be/jdAZstlqay8,
599,2026. 9. 25,업로드,롱폼 - 풀버전,N/A,[원신] 마신 임무 제7장 제4막 - 「죽음의 진혼곡」(7.1버전)(컷편집),2:17:13,원신,원신 7.1 마신 임무 7장 4막 죽음의 진혼곡 풀버전,https://youtu.be/bxYKUHhiF1s,
600,2026. 9. 26,업로드,숏폼,HC,곧 있으면 찾아오는 여우의 별자리 전투 모션 #명조 #여우의별자리,0:35,명조,명조 3.7 여우의 별자리 전투 모션 HC 숏폼,https://youtube.com/shorts/XldvG5SCRGw,
